batch,style,id_idx,render,age_bin,age_mid,detected,buffalo_age,buffalo_gender
identities,anchor,0,id_00.png,20-29,25.0,True,29.0,F
identities,anchor,1,id_01.png,20-29,25.0,True,34.0,F
identities,anchor,2,id_02.png,20-29,25.0,True,64.0,M
identities,anchor,3,id_03.png,20-29,25.0,True,29.0,F
identities,anchor,4,id_04.png,40-49,45.0,True,51.0,F
identities,anchor,5,id_05.png,40-49,45.0,True,55.0,M
identities,anchor,6,id_06.png,40-49,45.0,True,56.0,F
identities,anchor,7,id_07.png,30-39,35.0,True,51.0,M
identities,anchor,8,id_08.png,30-39,35.0,True,51.0,M
identities,anchor,9,id_09.png,40-49,45.0,True,48.0,F
identities,anchor,10,id_10.png,30-39,35.0,True,42.0,F
identities,anchor,11,id_11.png,30-39,35.0,True,51.0,F
identities,anchor,12,id_12.png,30-39,35.0,True,44.0,F
identities,anchor,13,id_13.png,40-49,45.0,True,42.0,M
identities,anchor,14,id_14.png,30-39,35.0,True,43.0,M
identities,anchor,15,id_15.png,20-29,25.0,True,30.0,M
identities,anchor,16,id_16.png,40-49,45.0,True,69.0,F
identities,anchor,17,id_17.png,20-29,25.0,True,36.0,M
identities,anchor,18,id_18.png,10-19,,True,52.0,F
identities,anchor,19,id_19.png,3-9,,True,3.0,F
refs,photoreal,0,id_00_seed21439039.png,20-29,25.0,False,,
refs,photoreal,0,id_00_seed25167571.png,20-29,25.0,True,31.0,F
refs,photoreal,0,id_00_seed25865512.png,20-29,25.0,True,26.0,F
refs,photoreal,0,id_00_seed28312321.png,20-29,25.0,True,30.0,F
refs,photoreal,1,id_01_seed24889695.png,20-29,25.0,False,,
refs,photoreal,1,id_01_seed25587636.png,20-29,25.0,True,29.0,F
refs,photoreal,1,id_01_seed27586061.png,20-29,25.0,True,28.0,F
refs,photoreal,2,id_02_seed21168482.png,20-29,25.0,True,32.0,M
refs,photoreal,2,id_02_seed23166907.png,20-29,25.0,True,28.0,M
refs,photoreal,2,id_02_seed23864848.png,20-29,25.0,False,,
refs,photoreal,3,id_03_seed26659780.png,20-29,25.0,True,26.0,F
refs,photoreal,3,id_03_seed27357721.png,20-29,25.0,True,26.0,F
refs,photoreal,3,id_03_seed29356146.png,20-29,25.0,False,,
refs,photoreal,4,id_04_seed21633572.png,40-49,45.0,True,43.0,F
refs,photoreal,4,id_04_seed26567503.png,40-49,45.0,False,,
refs,photoreal,4,id_04_seed28937206.png,40-49,45.0,True,47.0,F
refs,photoreal,5,id_05_seed20731149.png,40-49,45.0,True,52.0,M
refs,photoreal,5,id_05_seed23427515.png,40-49,45.0,True,55.0,M
refs,photoreal,5,id_05_seed28361446.png,40-49,45.0,True,59.0,M
refs,photoreal,6,id_06_seed20459661.png,40-49,45.0,True,30.0,F
refs,photoreal,6,id_06_seed23156027.png,40-49,45.0,True,49.0,F
refs,photoreal,6,id_06_seed28089958.png,40-49,45.0,True,37.0,F
refs,photoreal,7,id_07_seed23249227.png,30-39,35.0,True,47.0,M
refs,photoreal,7,id_07_seed25696036.png,30-39,35.0,True,47.0,M
refs,photoreal,7,id_07_seed26393977.png,30-39,35.0,True,54.0,M
refs,photoreal,8,id_08_seed24097163.png,30-39,35.0,True,40.0,M
refs,photoreal,8,id_08_seed24795104.png,30-39,35.0,True,41.0,M
refs,photoreal,8,id_08_seed27241913.png,30-39,35.0,False,,
refs,photoreal,9,id_09_seed21013665.png,40-49,45.0,True,26.0,M
refs,photoreal,9,id_09_seed24158415.png,40-49,45.0,True,47.0,M
refs,photoreal,9,id_09_seed28643962.png,40-49,45.0,True,28.0,M
refs,photoreal,10,id_10_seed20284598.png,30-39,35.0,True,28.0,F
refs,photoreal,10,id_10_seed20982539.png,30-39,35.0,True,35.0,F
refs,photoreal,10,id_10_seed22980964.png,30-39,35.0,False,,
refs,photoreal,11,id_11_seed21732164.png,30-39,35.0,True,33.0,F
refs,photoreal,11,id_11_seed22103442.png,30-39,35.0,False,,
refs,photoreal,11,id_11_seed24101867.png,30-39,35.0,True,30.0,F
refs,photoreal,12,id_12_seed22381572.png,30-39,35.0,True,30.0,F
refs,photoreal,12,id_12_seed24379997.png,30-39,35.0,True,30.0,F
refs,photoreal,12,id_12_seed29446066.png,30-39,35.0,True,28.0,F
refs,photoreal,13,id_13_seed22726915.png,40-49,45.0,False,,
refs,photoreal,13,id_13_seed27792984.png,40-49,45.0,False,,
refs,photoreal,13,id_13_seed29791409.png,40-49,45.0,True,45.0,M
refs,photoreal,14,id_14_seed21878680.png,30-39,35.0,False,,
refs,photoreal,14,id_14_seed24575046.png,30-39,35.0,True,44.0,M
refs,photoreal,14,id_14_seed26944749.png,30-39,35.0,False,,
refs,photoreal,15,id_15_seed22452022.png,20-29,25.0,True,30.0,M
refs,photoreal,15,id_15_seed23149963.png,20-29,25.0,True,29.0,M
refs,photoreal,15,id_15_seed25148388.png,20-29,25.0,True,30.0,M
refs,photoreal,16,id_16_seed22001116.png,40-49,45.0,False,,
refs,photoreal,16,id_16_seed24488238.png,40-49,45.0,True,39.0,M
refs,photoreal,17,id_17_seed24914100.png,20-29,25.0,True,40.0,M
refs,photoreal,17,id_17_seed25612041.png,20-29,25.0,True,41.0,M
refs,photoreal,17,id_17_seed27610466.png,20-29,25.0,True,34.0,M
refs,photoreal,18,id_18_seed20387970.png,10-19,,False,,
refs,photoreal,18,id_18_seed23323476.png,10-19,,False,,
refs,photoreal,18,id_18_seed25321901.png,10-19,,False,,
refs,photoreal,19,id_19_seed21147659.png,3-9,,False,,
refs,photoreal,19,id_19_seed24083165.png,3-9,,True,8.0,F
refs,photoreal,19,id_19_seed26081590.png,3-9,,False,,
refs,chibi,0,id_00_seed24671558.png,20-29,25.0,True,27.0,F
refs,chibi,0,id_00_seed27158680.png,20-29,25.0,False,,
refs,chibi,0,id_00_seed29065160.png,20-29,25.0,True,21.0,F
refs,chibi,0,id_00_seed29157105.png,20-29,25.0,True,23.0,F
refs,chibi,1,id_01_seed21293139.png,20-29,25.0,True,28.0,F
refs,chibi,1,id_01_seed21991080.png,20-29,25.0,True,21.0,F
refs,chibi,1,id_01_seed23989505.png,20-29,25.0,False,,
refs,chibi,2,id_02_seed21747649.png,20-29,25.0,True,4.0,F
refs,chibi,2,id_02_seed22445590.png,20-29,25.0,False,,
refs,chibi,2,id_02_seed24444015.png,20-29,25.0,True,18.0,F
refs,chibi,3,id_03_seed20383697.png,20-29,25.0,True,20.0,F
refs,chibi,3,id_03_seed25938463.png,20-29,25.0,True,21.0,F
refs,chibi,3,id_03_seed27936888.png,20-29,25.0,True,18.0,F
refs,chibi,4,id_04_seed25148245.png,40-49,45.0,True,24.0,F
refs,chibi,4,id_04_seed27517948.png,40-49,45.0,True,20.0,F
refs,chibi,4,id_04_seed30214314.png,40-49,45.0,True,21.0,F
refs,chibi,5,id_05_seed20544960.png,40-49,45.0,True,65.0,F
refs,chibi,5,id_05_seed22543385.png,40-49,45.0,True,21.0,F
refs,chibi,5,id_05_seed29847019.png,40-49,45.0,False,,
refs,chibi,6,id_06_seed21736769.png,40-49,45.0,True,21.0,F
refs,chibi,6,id_06_seed26670700.png,40-49,45.0,True,20.0,F
refs,chibi,6,id_06_seed28592019.png,40-49,45.0,True,19.0,F
refs,chibi,7,id_07_seed20366672.png,30-39,35.0,True,11.0,F
refs,chibi,7,id_07_seed22365097.png,30-39,35.0,False,,
refs,chibi,7,id_07_seed27431166.png,30-39,35.0,False,,
refs,chibi,8,id_08_seed22677905.png,30-39,35.0,True,26.0,F
refs,chibi,8,id_08_seed23375846.png,30-39,35.0,True,20.0,F
refs,chibi,8,id_08_seed25374271.png,30-39,35.0,True,24.0,F
refs,chibi,9,id_09_seed22290773.png,40-49,45.0,True,11.0,F
refs,chibi,9,id_09_seed27224704.png,40-49,45.0,True,11.0,F
refs,chibi,9,id_09_seed29594407.png,40-49,45.0,True,10.0,F
refs,chibi,10,id_10_seed22019728.png,30-39,35.0,False,,
refs,chibi,10,id_10_seed22096834.png,30-39,35.0,False,,
refs,chibi,10,id_10_seed30098409.png,30-39,35.0,True,21.0,F
refs,chibi,11,id_11_seed22948226.png,30-39,35.0,False,,
refs,chibi,11,id_11_seed24946651.png,30-39,35.0,True,20.0,F
refs,chibi,11,id_11_seed25644592.png,30-39,35.0,True,20.0,F
refs,chibi,12,id_12_seed20739234.png,30-39,35.0,True,22.0,F
refs,chibi,12,id_12_seed28042868.png,30-39,35.0,True,17.0,F
refs,chibi,12,id_12_seed28740809.png,30-39,35.0,True,9.0,F
refs,chibi,13,id_13_seed21084577.png,40-49,45.0,True,19.0,M
refs,chibi,13,id_13_seed26639343.png,40-49,45.0,True,20.0,F
refs,chibi,13,id_13_seed28637768.png,40-49,45.0,True,19.0,M
refs,chibi,14,id_14_seed26283699.png,30-39,35.0,True,26.0,F
refs,chibi,14,id_14_seed28282124.png,30-39,35.0,True,26.0,F
refs,chibi,14,id_14_seed28980065.png,30-39,35.0,True,26.0,F
refs,chibi,15,id_15_seed21298381.png,20-29,25.0,False,,
refs,chibi,15,id_15_seed26364450.png,20-29,25.0,False,,
refs,chibi,15,id_15_seed28811259.png,20-29,25.0,True,24.0,F
refs,chibi,16,id_16_seed20891682.png,40-49,45.0,True,22.0,F
refs,chibi,16,id_16_seed25957751.png,40-49,45.0,False,,
refs,chibi,16,id_16_seed28893257.png,40-49,45.0,True,22.0,F
refs,chibi,17,id_17_seed23969703.png,20-29,25.0,True,21.0,F
refs,chibi,17,id_17_seed26456825.png,20-29,25.0,True,23.0,F
refs,chibi,17,id_17_seed28903634.png,20-29,25.0,True,21.0,F
refs,chibi,18,id_18_seed21904218.png,10-19,,False,,
refs,chibi,18,id_18_seed23902643.png,10-19,,False,,
refs,chibi,18,id_18_seed28968712.png,10-19,,True,52.0,M
refs,chibi,19,id_19_seed20486609.png,3-9,,True,6.0,F
refs,chibi,19,id_19_seed22485034.png,3-9,,True,4.0,F
refs,chibi,19,id_19_seed23182975.png,3-9,,True,4.0,M
refs,furry,0,id_00_seed20587451.png,20-29,25.0,True,29.0,F
refs,furry,0,id_00_seed21239346.png,20-29,25.0,True,28.0,F
refs,furry,0,id_00_seed24174852.png,20-29,25.0,True,25.0,F
refs,furry,0,id_00_seed26173277.png,20-29,25.0,False,,
refs,furry,1,id_01_seed21005677.png,20-29,25.0,True,29.0,F
refs,furry,1,id_01_seed28309311.png,20-29,25.0,True,30.0,F
refs,furry,1,id_01_seed29007252.png,20-29,25.0,True,42.0,F
refs,furry,2,id_02_seed22174188.png,20-29,25.0,True,28.0,M
refs,furry,2,id_02_seed29029438.png,20-29,25.0,True,29.0,F
refs,furry,2,id_02_seed29727379.png,20-29,25.0,True,28.0,M
refs,furry,3,id_03_seed25667061.png,20-29,25.0,True,24.0,F
refs,furry,3,id_03_seed27665486.png,20-29,25.0,True,24.0,F
refs,furry,3,id_03_seed28363427.png,20-29,25.0,True,26.0,F
refs,furry,4,id_04_seed22164417.png,40-49,45.0,True,33.0,F
refs,furry,4,id_04_seed24534120.png,40-49,45.0,True,28.0,F
refs,furry,4,id_04_seed27230486.png,40-49,45.0,True,32.0,F
refs,furry,5,id_05_seed26863191.png,40-49,45.0,True,37.0,M
refs,furry,5,id_05_seed27561132.png,40-49,45.0,True,28.0,M
refs,furry,5,id_05_seed29559557.png,40-49,45.0,True,29.0,M
refs,furry,6,id_06_seed28320617.png,40-49,45.0,True,31.0,F
refs,furry,7,id_07_seed27382844.png,30-39,35.0,True,40.0,M
refs,furry,7,id_07_seed29381269.png,30-39,35.0,True,41.0,M
refs,furry,7,id_07_seed30079210.png,30-39,35.0,True,39.0,M
refs,furry,8,id_08_seed23104444.png,30-39,35.0,True,26.0,F
refs,furry,8,id_08_seed25102869.png,30-39,35.0,True,44.0,M
refs,furry,8,id_08_seed25474147.png,30-39,35.0,False,,
refs,furry,9,id_09_seed22019371.png,40-49,45.0,True,30.0,M
refs,furry,9,id_09_seed29323005.png,40-49,45.0,True,42.0,F
refs,furry,9,id_09_seed30020946.png,40-49,45.0,True,29.0,F
refs,furry,10,id_10_seed23969831.png,30-39,35.0,True,34.0,M
refs,furry,10,id_10_seed24667772.png,30-39,35.0,True,30.0,F
refs,furry,10,id_10_seed27114581.png,30-39,35.0,True,39.0,F
refs,furry,11,id_11_seed21962823.png,30-39,35.0,True,22.0,F
refs,furry,11,id_11_seed22660764.png,30-39,35.0,True,27.0,F
refs,furry,11,id_11_seed29964398.png,30-39,35.0,True,24.0,F
refs,furry,12,id_12_seed25756981.png,30-39,35.0,True,25.0,M
refs,furry,12,id_12_seed27755406.png,30-39,35.0,True,24.0,F
refs,furry,12,id_12_seed30242528.png,30-39,35.0,True,28.0,F
refs,furry,13,id_13_seed23655515.png,40-49,45.0,False,,
refs,furry,13,id_13_seed25653940.png,40-49,45.0,False,,
refs,furry,13,id_13_seed28100749.png,40-49,45.0,True,29.0,M
refs,furry,14,id_14_seed21078366.png,30-39,35.0,True,29.0,M
refs,furry,14,id_14_seed26012297.png,30-39,35.0,True,42.0,M
refs,furry,14,id_14_seed28708663.png,30-39,35.0,True,37.0,M
refs,furry,16,id_16_seed23687924.png,40-49,45.0,False,,
refs,furry,16,id_16_seed25686349.png,40-49,45.0,False,,
refs,furry,16,id_16_seed28621855.png,40-49,45.0,True,50.0,M
refs,furry,17,id_17_seed20985875.png,20-29,25.0,True,37.0,M
refs,furry,17,id_17_seed23472997.png,20-29,25.0,True,34.0,M
refs,furry,17,id_17_seed25919806.png,20-29,25.0,True,40.0,M
refs,furry,18,id_18_seed21184432.png,10-19,,True,33.0,M
refs,furry,18,id_18_seed26698885.png,10-19,,False,,
refs,furry,18,id_18_seed28697310.png,10-19,,True,28.0,M
refs,furry,19,id_19_seed27502781.png,3-9,,True,22.0,F
refs,furry,19,id_19_seed29501206.png,3-9,,True,35.0,F
refs,furry,19,id_19_seed30199147.png,3-9,,True,20.0,F
refs,chibi_furry,0,id_00_seed24494374.png,20-29,25.0,True,24.0,F
refs,chibi_furry,0,id_00_seed27277119.png,20-29,25.0,False,,
refs,chibi_furry,0,id_00_seed29275544.png,20-29,25.0,True,27.0,F
refs,chibi_furry,0,id_00_seed29973485.png,20-29,25.0,False,,
refs,chibi_furry,1,id_01_seed26285242.png,20-29,25.0,True,28.0,F
refs,chibi_furry,1,id_01_seed28283667.png,20-29,25.0,True,28.0,F
refs,chibi_furry,1,id_01_seed28981608.png,20-29,25.0,False,,
refs,chibi_furry,2,id_02_seed22131705.png,20-29,25.0,False,,
refs,chibi_furry,2,id_02_seed22829646.png,20-29,25.0,False,,
refs,chibi_furry,2,id_02_seed24828071.png,20-29,25.0,True,25.0,F
refs,chibi_furry,3,id_03_seed20767753.png,20-29,25.0,True,19.0,F
refs,chibi_furry,3,id_03_seed21465694.png,20-29,25.0,True,21.0,F
refs,chibi_furry,3,id_03_seed28320944.png,20-29,25.0,True,24.0,F
refs,chibi_furry,4,id_04_seed20332753.png,40-49,45.0,False,,
refs,chibi_furry,4,id_04_seed25266684.png,40-49,45.0,True,27.0,F
refs,chibi_furry,4,id_04_seed27963050.png,40-49,45.0,False,,
refs,chibi_furry,5,id_05_seed20663399.png,40-49,45.0,False,,
refs,chibi_furry,5,id_05_seed22661824.png,40-49,45.0,True,23.0,M
refs,chibi_furry,5,id_05_seed25148946.png,40-49,45.0,True,21.0,F
refs,chibi_furry,6,id_06_seed22120825.png,40-49,45.0,True,23.0,F
refs,chibi_furry,6,id_06_seed24119250.png,40-49,45.0,True,20.0,F
refs,chibi_furry,6,id_06_seed27054756.png,40-49,45.0,True,31.0,F
refs,chibi_furry,7,id_07_seed24660834.png,30-39,35.0,True,20.0,F
refs,chibi_furry,7,id_07_seed27357200.png,30-39,35.0,True,22.0,M
refs,chibi_furry,7,id_07_seed29726903.png,30-39,35.0,True,20.0,F
refs,chibi_furry,8,id_08_seed25758327.png,30-39,35.0,True,23.0,F
refs,chibi_furry,8,id_08_seed28205136.png,30-39,35.0,True,24.0,F
refs,chibi_furry,8,id_08_seed28903077.png,30-39,35.0,False,,
refs,chibi_furry,9,id_09_seed21976888.png,40-49,45.0,True,33.0,F
refs,chibi_furry,9,id_09_seed25121638.png,40-49,45.0,True,23.0,F
refs,chibi_furry,11,id_11_seed20696962.png,30-39,35.0,True,21.0,F
refs,chibi_furry,11,id_11_seed25763031.png,30-39,35.0,True,22.0,F
refs,chibi_furry,11,id_11_seed27761456.png,30-39,35.0,False,,
refs,chibi_furry,12,id_12_seed20857673.png,30-39,35.0,True,24.0,F
refs,chibi_furry,12,id_12_seed28410864.png,30-39,35.0,True,26.0,F
refs,chibi_furry,12,id_12_seed28487970.png,30-39,35.0,True,22.0,F
refs,chibi_furry,13,id_13_seed20754632.png,40-49,45.0,True,22.0,F
refs,chibi_furry,13,id_13_seed21452573.png,40-49,45.0,True,21.0,F
refs,chibi_furry,13,id_13_seed28756207.png,40-49,45.0,True,21.0,F
refs,chibi_furry,14,id_14_seed21052722.png,30-39,35.0,True,32.0,F
refs,chibi_furry,14,id_14_seed25986653.png,30-39,35.0,True,37.0,M
refs,chibi_furry,14,id_14_seed27907972.png,30-39,35.0,False,,
refs,chibi_furry,16,id_16_seed20517530.png,40-49,45.0,False,,
refs,chibi_furry,16,id_16_seed28147827.png,40-49,45.0,False,,
refs,chibi_furry,16,id_16_seed28519105.png,40-49,45.0,False,,
refs,chibi_furry,17,id_17_seed26575264.png,20-29,25.0,True,24.0,M
refs,chibi_furry,17,id_17_seed28573689.png,20-29,25.0,True,25.0,M
refs,chibi_furry,17,id_17_seed29271630.png,20-29,25.0,True,32.0,M
refs,chibi_furry,18,id_18_seed24286699.png,10-19,,True,21.0,F
refs,chibi_furry,18,id_18_seed26983065.png,10-19,,True,27.0,F
refs,chibi_furry,18,id_18_seed29352768.png,10-19,,True,20.0,F
refs,chibi_furry,19,id_19_seed22603473.png,3-9,,True,23.0,F
refs,chibi_furry,19,id_19_seed23301414.png,3-9,,True,20.0,F
refs,chibi_furry,19,id_19_seed30156664.png,3-9,,True,19.0,F
identities_flux,anchor,0,id_00.png,20-29,25.0,True,25.0,F
identities_flux,anchor,1,id_01.png,20-29,25.0,True,34.0,M
identities_flux,anchor,2,id_02.png,20-29,25.0,True,27.0,F
identities_flux,anchor,3,id_03.png,20-29,25.0,True,27.0,M
identities_flux,anchor,4,id_04.png,20-29,25.0,True,25.0,F
identities_flux,anchor,5,id_05.png,20-29,25.0,True,37.0,M
identities_flux,anchor,6,id_06.png,20-29,25.0,False,,
identities_flux,anchor,7,id_07.png,20-29,25.0,True,28.0,M
identities_flux,anchor,8,id_08.png,30-39,35.0,True,31.0,F
identities_flux,anchor,9,id_09.png,30-39,35.0,True,39.0,M
identities_flux,anchor,10,id_10.png,30-39,35.0,True,46.0,F
identities_flux,anchor,11,id_11.png,30-39,35.0,True,58.0,M
identities_flux,anchor,12,id_12.png,30-39,35.0,True,38.0,F
identities_flux,anchor,13,id_13.png,30-39,35.0,False,,
identities_flux,anchor,14,id_14.png,40-49,45.0,True,77.0,F
identities_flux,anchor,15,id_15.png,40-49,45.0,True,40.0,M
identities_flux,anchor,16,id_16.png,40-49,45.0,True,67.0,F
identities_flux,anchor,17,id_17.png,40-49,45.0,True,67.0,M
identities_flux,anchor,18,id_18.png,50-59,55.0,True,73.0,M
identities_flux,anchor,19,id_19.png,50-59,55.0,False,,
refs_v2,photoreal,0,id_00_seed23133261.png,20-29,25.0,True,26.0,F
refs_v2,photoreal,0,id_00_seed25131686.png,20-29,25.0,True,25.0,F
refs_v2,photoreal,0,id_00_seed30197755.png,20-29,25.0,True,27.0,F
refs_v2,photoreal,1,id_01_seed23868902.png,20-29,25.0,False,,
refs_v2,photoreal,1,id_01_seed24566843.png,20-29,25.0,True,27.0,M
refs_v2,photoreal,1,id_01_seed26565268.png,20-29,25.0,True,29.0,M
refs_v2,photoreal,2,id_02_seed24823990.png,20-29,25.0,True,21.0,M
refs_v2,photoreal,2,id_02_seed27270799.png,20-29,25.0,True,21.0,M
refs_v2,photoreal,2,id_02_seed27968740.png,20-29,25.0,True,21.0,M
refs_v2,photoreal,3,id_03_seed25590025.png,20-29,25.0,True,26.0,M
refs_v2,photoreal,3,id_03_seed27588450.png,20-29,25.0,True,26.0,M
refs_v2,photoreal,3,id_03_seed30075572.png,20-29,25.0,True,26.0,M
refs_v2,photoreal,4,id_04_seed21907200.png,20-29,25.0,True,22.0,F
refs_v2,photoreal,4,id_04_seed24276903.png,20-29,25.0,True,23.0,F
refs_v2,photoreal,4,id_04_seed26973269.png,20-29,25.0,True,22.0,F
refs_v2,photoreal,5,id_05_seed21943064.png,20-29,25.0,True,37.0,M
refs_v2,photoreal,5,id_05_seed22641005.png,20-29,25.0,True,39.0,M
refs_v2,photoreal,5,id_05_seed29944639.png,20-29,25.0,True,35.0,M
refs_v2,photoreal,6,id_06_seed21854292.png,20-29,25.0,True,21.0,F
refs_v2,photoreal,6,id_06_seed23852717.png,20-29,25.0,True,24.0,M
refs_v2,photoreal,6,id_06_seed24550658.png,20-29,25.0,False,,
refs_v2,photoreal,7,id_07_seed24227981.png,20-29,25.0,True,25.0,M
refs_v2,photoreal,7,id_07_seed26597684.png,20-29,25.0,False,,
refs_v2,photoreal,7,id_07_seed29294050.png,20-29,25.0,True,26.0,M
refs_v2,photoreal,8,id_08_seed21053699.png,30-39,35.0,True,23.0,M
refs_v2,photoreal,8,id_08_seed21751640.png,30-39,35.0,True,22.0,M
refs_v2,photoreal,8,id_08_seed28606890.png,30-39,35.0,True,21.0,F
refs_v2,photoreal,9,id_09_seed22022882.png,30-39,35.0,True,43.0,M
refs_v2,photoreal,9,id_09_seed24719248.png,30-39,35.0,True,36.0,M
refs_v2,photoreal,9,id_09_seed27088951.png,30-39,35.0,True,41.0,M
refs_v2,photoreal,10,id_10_seed22787190.png,30-39,35.0,True,32.0,F
refs_v2,photoreal,10,id_10_seed25156893.png,30-39,35.0,True,40.0,F
refs_v2,photoreal,10,id_10_seed30090824.png,30-39,35.0,True,31.0,F
refs_v2,photoreal,11,id_11_seed21893645.png,30-39,35.0,True,48.0,M
refs_v2,photoreal,11,id_11_seed24340454.png,30-39,35.0,True,50.0,M
refs_v2,photoreal,11,id_11_seed24590011.png,30-39,35.0,True,47.0,M
refs_v2,photoreal,12,id_12_seed24065049.png,30-39,35.0,True,27.0,F
refs_v2,photoreal,12,id_12_seed26434752.png,30-39,35.0,True,27.0,F
refs_v2,photoreal,12,id_12_seed29579502.png,30-39,35.0,True,27.0,F
refs_v2,photoreal,13,id_13_seed25393667.png,30-39,35.0,False,,
refs_v2,photoreal,13,id_13_seed26091608.png,30-39,35.0,False,,
refs_v2,photoreal,13,id_13_seed28090033.png,30-39,35.0,True,37.0,M
refs_v2,photoreal,14,id_14_seed21774238.png,40-49,45.0,True,67.0,F
refs_v2,photoreal,14,id_14_seed22472179.png,40-49,45.0,True,50.0,F
refs_v2,photoreal,14,id_14_seed24470604.png,40-49,45.0,True,53.0,F
refs_v2,photoreal,15,id_15_seed22413096.png,40-49,45.0,True,42.0,M
refs_v2,photoreal,15,id_15_seed24782799.png,40-49,45.0,True,41.0,M
refs_v2,photoreal,15,id_15_seed27479165.png,40-49,45.0,True,34.0,M
refs_v2,photoreal,16,id_16_seed25616450.png,40-49,45.0,True,56.0,F
refs_v2,photoreal,16,id_16_seed26314391.png,40-49,45.0,True,56.0,F
refs_v2,photoreal,16,id_16_seed28312816.png,40-49,45.0,True,51.0,F
refs_v2,photoreal,17,id_17_seed24758185.png,40-49,45.0,True,55.0,M
refs_v2,photoreal,17,id_17_seed27693691.png,40-49,45.0,True,48.0,M
refs_v2,photoreal,17,id_17_seed29692116.png,40-49,45.0,True,60.0,M
refs_v2,photoreal,18,id_18_seed22673087.png,50-59,55.0,True,71.0,M
refs_v2,photoreal,18,id_18_seed27607018.png,50-59,55.0,True,73.0,F
refs_v2,photoreal,18,id_18_seed29976721.png,50-59,55.0,True,66.0,F
refs_v2,photoreal,19,id_19_seed24713239.png,50-59,55.0,False,,
refs_v2,photoreal,19,id_19_seed26634558.png,50-59,55.0,False,,
refs_v2,photoreal,19,id_19_seed26711664.png,50-59,55.0,False,,
refs_v2,chibi,0,id_00_seed29189240.png,20-29,25.0,True,19.0,F
refs_v2,chibi,1,id_01_seed22078971.png,20-29,25.0,False,,
refs_v2,chibi,1,id_01_seed24077396.png,20-29,25.0,False,,
refs_v2,chibi,1,id_01_seed26075821.png,20-29,25.0,True,9.0,F
refs_v2,chibi,2,id_02_seed20879969.png,20-29,25.0,True,19.0,F
refs_v2,chibi,2,id_02_seed21577910.png,20-29,25.0,True,19.0,F
refs_v2,chibi,2,id_02_seed23576335.png,20-29,25.0,True,18.0,F
refs_v2,chibi,3,id_03_seed24342370.png,20-29,25.0,True,24.0,M
refs_v2,chibi,3,id_03_seed26829492.png,20-29,25.0,True,22.0,F
refs_v2,chibi,3,id_03_seed29276301.png,20-29,25.0,True,20.0,F
refs_v2,chibi,4,id_04_seed23787456.png,20-29,25.0,True,19.0,F
refs_v2,chibi,4,id_04_seed24037013.png,20-29,25.0,True,5.0,F
refs_v2,chibi,4,id_04_seed26483822.png,20-29,25.0,True,9.0,F
refs_v2,chibi,5,id_05_seed21824895.png,20-29,25.0,True,21.0,F
refs_v2,chibi,5,id_05_seed24521261.png,20-29,25.0,True,21.0,M
refs_v2,chibi,5,id_05_seed29455192.png,20-29,25.0,True,21.0,F
refs_v2,chibi,6,id_06_seed21364845.png,20-29,25.0,False,,
refs_v2,chibi,6,id_06_seed26430914.png,20-29,25.0,True,19.0,F
refs_v2,chibi,6,id_06_seed28429339.png,20-29,25.0,True,19.0,F
refs_v2,chibi,7,id_07_seed26108237.png,20-29,25.0,True,23.0,M
refs_v2,chibi,7,id_07_seed26806178.png,20-29,25.0,False,,
refs_v2,chibi,7,id_07_seed28804603.png,20-29,25.0,True,19.0,F
refs_v2,chibi,8,id_08_seed21262193.png,30-39,35.0,True,21.0,F
refs_v2,chibi,8,id_08_seed23183512.png,30-39,35.0,True,20.0,F
refs_v2,chibi,8,id_08_seed28117443.png,30-39,35.0,False,,
refs_v2,chibi,9,id_09_seed24601079.png,30-39,35.0,True,20.0,F
refs_v2,chibi,9,id_09_seed26599504.png,30-39,35.0,True,21.0,F
refs_v2,chibi,9,id_09_seed29046313.png,30-39,35.0,True,20.0,F
refs_v2,chibi,10,id_10_seed22220637.png,30-39,35.0,True,21.0,F
refs_v2,chibi,10,id_10_seed24667446.png,30-39,35.0,True,20.0,F
refs_v2,chibi,10,id_10_seed26665871.png,30-39,35.0,True,21.0,F
refs_v2,chibi,11,id_11_seed21404198.png,30-39,35.0,True,4.0,M
refs_v2,chibi,11,id_11_seed24100564.png,30-39,35.0,True,16.0,M
refs_v2,chibi,11,id_11_seed26470267.png,30-39,35.0,True,19.0,F
refs_v2,chibi,12,id_12_seed25945305.png,30-39,35.0,True,22.0,F
refs_v2,chibi,12,id_12_seed26643246.png,30-39,35.0,True,21.0,F
refs_v2,chibi,12,id_12_seed29090055.png,30-39,35.0,True,23.0,F
refs_v2,chibi,13,id_13_seed22147587.png,30-39,35.0,False,,
refs_v2,chibi,13,id_13_seed24146012.png,30-39,35.0,False,,
refs_v2,chibi,13,id_13_seed24843953.png,30-39,35.0,False,,
refs_v2,chibi,14,id_14_seed23981157.png,40-49,45.0,True,22.0,F
refs_v2,chibi,14,id_14_seed26350860.png,40-49,45.0,False,,
refs_v2,chibi,14,id_14_seed29047226.png,40-49,45.0,True,23.0,F
refs_v2,chibi,15,id_15_seed21088335.png,40-49,45.0,True,20.0,F
refs_v2,chibi,15,id_15_seed21165441.png,40-49,45.0,True,19.0,F
refs_v2,chibi,15,id_15_seed28718632.png,40-49,45.0,True,19.0,F
refs_v2,chibi,16,id_16_seed22680194.png,40-49,45.0,True,19.0,F
refs_v2,chibi,16,id_16_seed28194647.png,40-49,45.0,True,20.0,F
refs_v2,chibi,16,id_16_seed30193072.png,40-49,45.0,True,21.0,F
refs_v2,chibi,17,id_17_seed21572372.png,40-49,45.0,True,23.0,M
refs_v2,chibi,17,id_17_seed22270313.png,40-49,45.0,True,19.0,F
refs_v2,chibi,17,id_17_seed29573947.png,40-49,45.0,True,19.0,F
refs_v2,chibi,18,id_18_seed21664572.png,50-59,55.0,True,22.0,F
refs_v2,chibi,18,id_18_seed21914129.png,50-59,55.0,True,25.0,F
refs_v2,chibi,18,id_18_seed24360938.png,50-59,55.0,True,23.0,F
refs_v2,chibi,19,id_19_seed26145111.png,50-59,55.0,False,,
refs_v2,chibi,19,id_19_seed28591920.png,50-59,55.0,True,21.0,F
refs_v2,chibi,19,id_19_seed29289861.png,50-59,55.0,True,9.0,M
refs_v2,furry,0,id_00_seed22038838.png,20-29,25.0,True,23.0,F
refs_v2,furry,0,id_00_seed24037263.png,20-29,25.0,True,22.0,F
refs_v2,furry,0,id_00_seed24735204.png,20-29,25.0,True,27.0,F
refs_v2,furry,1,id_01_seed21295122.png,20-29,25.0,True,30.0,M
refs_v2,furry,1,id_01_seed26229053.png,20-29,25.0,True,38.0,M
refs_v2,furry,1,id_01_seed28925419.png,20-29,25.0,True,45.0,M
refs_v2,furry,2,id_02_seed21094247.png,20-29,25.0,True,22.0,M
refs_v2,furry,2,id_02_seed23463950.png,20-29,25.0,True,33.0,M
refs_v2,furry,2,id_02_seed26160316.png,20-29,25.0,True,21.0,M
refs_v2,furry,3,id_03_seed21411898.png,20-29,25.0,True,28.0,M
refs_v2,furry,3,id_03_seed28715532.png,20-29,25.0,True,24.0,M
refs_v2,furry,3,id_03_seed29413473.png,20-29,25.0,True,27.0,M
refs_v2,furry,4,id_04_seed20812777.png,20-29,25.0,True,23.0,F
refs_v2,furry,4,id_04_seed25878846.png,20-29,25.0,True,23.0,F
refs_v2,furry,4,id_04_seed28365968.png,20-29,25.0,True,21.0,F
refs_v2,furry,5,id_05_seed20848641.png,20-29,25.0,True,31.0,M
refs_v2,furry,5,id_05_seed21546582.png,20-29,25.0,True,28.0,M
refs_v2,furry,5,id_05_seed28850216.png,20-29,25.0,True,29.0,M
refs_v2,furry,6,id_06_seed21278937.png,20-29,25.0,True,21.0,F
refs_v2,furry,6,id_06_seed26212868.png,20-29,25.0,True,24.0,F
refs_v2,furry,6,id_06_seed28582571.png,20-29,25.0,True,23.0,F
refs_v2,furry,7,id_07_seed23133558.png,20-29,25.0,True,25.0,M
refs_v2,furry,7,id_07_seed25829924.png,20-29,25.0,True,27.0,M
refs_v2,furry,7,id_07_seed28199627.png,20-29,25.0,True,27.0,M
refs_v2,furry,8,id_08_seed22655642.png,30-39,35.0,True,24.0,M
refs_v2,furry,8,id_08_seed29959276.png,30-39,35.0,True,22.0,F
refs_v2,furry,8,id_08_seed30208833.png,30-39,35.0,True,24.0,F
refs_v2,furry,9,id_09_seed21895911.png,30-39,35.0,True,23.0,M
refs_v2,furry,9,id_09_seed28751161.png,30-39,35.0,True,32.0,M
refs_v2,furry,9,id_09_seed29449102.png,30-39,35.0,True,40.0,M
refs_v2,furry,10,id_10_seed20978766.png,30-39,35.0,True,26.0,F
refs_v2,furry,10,id_10_seed28282400.png,30-39,35.0,True,25.0,F
refs_v2,furry,11,id_11_seed23495588.png,30-39,35.0,True,27.0,M
refs_v2,furry,11,id_11_seed25942397.png,30-39,35.0,True,30.0,M
refs_v2,furry,11,id_11_seed28429519.png,30-39,35.0,True,42.0,M
refs_v2,furry,12,id_12_seed22970626.png,30-39,35.0,True,28.0,F
refs_v2,furry,12,id_12_seed26115376.png,30-39,35.0,True,24.0,F
refs_v2,furry,12,id_12_seed28036695.png,30-39,35.0,True,31.0,F
refs_v2,furry,13,id_13_seed24997185.png,30-39,35.0,True,31.0,M
refs_v2,furry,13,id_13_seed26995610.png,30-39,35.0,True,29.0,M
refs_v2,furry,13,id_13_seed29442419.png,30-39,35.0,False,,
refs_v2,furry,14,id_14_seed20663755.png,40-49,45.0,True,27.0,F
refs_v2,furry,14,id_14_seed22662180.png,40-49,45.0,True,24.0,F
refs_v2,furry,14,id_14_seed25597686.png,40-49,45.0,True,30.0,M
refs_v2,furry,15,id_15_seed20604672.png,40-49,45.0,True,46.0,M
refs_v2,furry,15,id_15_seed21302613.png,40-49,45.0,True,43.0,M
refs_v2,furry,15,id_15_seed28606247.png,40-49,45.0,True,53.0,M
refs_v2,furry,16,id_16_seed24522027.png,40-49,45.0,True,37.0,F
refs_v2,furry,16,id_16_seed25219968.png,40-49,45.0,True,40.0,F
refs_v2,furry,16,id_16_seed27218393.png,40-49,45.0,True,35.0,M
refs_v2,furry,17,id_17_seed25885267.png,40-49,45.0,True,62.0,M
refs_v2,furry,17,id_17_seed28332076.png,40-49,45.0,True,39.0,M
refs_v2,furry,17,id_17_seed28581633.png,40-49,45.0,True,49.0,M
refs_v2,furry,18,id_18_seed23800169.png,50-59,55.0,True,35.0,F
refs_v2,furry,18,id_18_seed25798594.png,50-59,55.0,True,61.0,F
refs_v2,furry,18,id_18_seed26496535.png,50-59,55.0,True,66.0,M
refs_v2,furry,19,id_19_seed20683310.png,50-59,55.0,True,69.0,M
refs_v2,furry,19,id_19_seed23170432.png,50-59,55.0,False,,
refs_v2,furry,19,id_19_seed25617241.png,50-59,55.0,False,,
refs_v2,chibi_furry,0,id_00_seed20569731.png,20-29,25.0,True,23.0,F
refs_v2,chibi_furry,0,id_00_seed28200028.png,20-29,25.0,True,21.0,F
refs_v2,chibi_furry,1,id_01_seed22761521.png,20-29,25.0,True,22.0,F
refs_v2,chibi_furry,1,id_01_seed24759946.png,20-29,25.0,False,,
refs_v2,chibi_furry,1,id_01_seed25457887.png,20-29,25.0,True,24.0,F
refs_v2,chibi_furry,2,id_02_seed20339141.png,20-29,25.0,True,19.0,F
refs_v2,chibi_furry,2,id_02_seed25405210.png,20-29,25.0,True,21.0,F
refs_v2,chibi_furry,2,id_02_seed27892332.png,20-29,25.0,True,21.0,F
refs_v2,chibi_furry,3,id_03_seed22878297.png,20-29,25.0,True,23.0,F
refs_v2,chibi_furry,3,id_03_seed25248000.png,20-29,25.0,False,,
refs_v2,chibi_furry,3,id_03_seed27944366.png,20-29,25.0,True,23.0,F
refs_v2,chibi_furry,4,id_04_seed22721138.png,20-29,25.0,True,20.0,F
refs_v2,chibi_furry,4,id_04_seed22798244.png,20-29,25.0,True,20.0,F
refs_v2,chibi_furry,4,id_04_seed25167947.png,20-29,25.0,True,20.0,F
refs_v2,chibi_furry,5,id_05_seed20835683.png,20-29,25.0,True,21.0,F
refs_v2,chibi_furry,5,id_05_seed28139317.png,20-29,25.0,True,21.0,F
refs_v2,chibi_furry,5,id_05_seed28837258.png,20-29,25.0,True,21.0,F
refs_v2,chibi_furry,6,id_06_seed22745336.png,20-29,25.0,False,,
refs_v2,chibi_furry,6,id_06_seed25192145.png,20-29,25.0,False,,
refs_v2,chibi_furry,6,id_06_seed25441702.png,20-29,25.0,True,19.0,F
refs_v2,chibi_furry,7,id_07_seed25119025.png,20-29,25.0,True,27.0,F
refs_v2,chibi_furry,7,id_07_seed25490303.png,20-29,25.0,True,20.0,F
refs_v2,chibi_furry,7,id_07_seed27488728.png,20-29,25.0,True,24.0,F
refs_v2,chibi_furry,8,id_08_seed21944743.png,30-39,35.0,True,22.0,F
refs_v2,chibi_furry,8,id_08_seed22642684.png,30-39,35.0,True,24.0,F
refs_v2,chibi_furry,8,id_08_seed29946318.png,30-39,35.0,True,21.0,F
refs_v2,chibi_furry,9,id_09_seed20915501.png,30-39,35.0,True,24.0,M
refs_v2,chibi_furry,9,id_09_seed22913926.png,30-39,35.0,True,32.0,M
refs_v2,chibi_furry,9,id_09_seed28428379.png,30-39,35.0,True,23.0,M
refs_v2,chibi_furry,10,id_10_seed20267867.png,30-39,35.0,True,22.0,F
refs_v2,chibi_furry,10,id_10_seed20965808.png,30-39,35.0,True,21.0,F
refs_v2,chibi_furry,10,id_10_seed28269442.png,30-39,35.0,True,23.0,F
refs_v2,chibi_furry,11,id_11_seed20786264.png,30-39,35.0,True,20.0,F
refs_v2,chibi_furry,11,id_11_seed22784689.png,30-39,35.0,True,9.0,F
refs_v2,chibi_furry,11,id_11_seed25231498.png,30-39,35.0,True,28.0,F
refs_v2,chibi_furry,12,id_12_seed25327371.png,30-39,35.0,True,22.0,F
refs_v2,chibi_furry,12,id_12_seed25404477.png,30-39,35.0,True,21.0,F
refs_v2,chibi_furry,12,id_12_seed27774180.png,30-39,35.0,True,25.0,F
refs_v2,chibi_furry,13,id_13_seed21158375.png,30-39,35.0,False,,
refs_v2,chibi_furry,13,id_13_seed28462009.png,30-39,35.0,True,25.0,F
refs_v2,chibi_furry,14,id_14_seed22665282.png,40-49,45.0,True,23.0,F
refs_v2,chibi_furry,14,id_14_seed23363223.png,40-49,45.0,True,23.0,F
refs_v2,chibi_furry,14,id_14_seed25361648.png,40-49,45.0,True,21.0,F
refs_v2,chibi_furry,15,id_15_seed20547507.png,40-49,45.0,True,29.0,M
refs_v2,chibi_furry,15,id_15_seed27402757.png,40-49,45.0,True,32.0,M
refs_v2,chibi_furry,15,id_15_seed29849566.png,40-49,45.0,True,20.0,F
refs_v2,chibi_furry,16,id_16_seed24509069.png,40-49,45.0,False,,
refs_v2,chibi_furry,16,id_16_seed26507494.png,40-49,45.0,True,22.0,F
refs_v2,chibi_furry,16,id_16_seed27205435.png,40-49,45.0,True,28.0,F
refs_v2,chibi_furry,17,id_17_seed25174368.png,40-49,45.0,True,55.0,M
refs_v2,chibi_furry,18,id_18_seed20332637.png,50-59,55.0,True,21.0,F
refs_v2,chibi_furry,18,id_18_seed20409743.png,50-59,55.0,True,23.0,F
refs_v2,chibi_furry,18,id_18_seed27962934.png,50-59,55.0,True,28.0,F
refs_v2,chibi_furry,19,id_19_seed22459533.png,50-59,55.0,False,,
refs_v2,chibi_furry,19,id_19_seed27973986.png,50-59,55.0,True,26.0,F
refs_v2,chibi_furry,19,id_19_seed29972411.png,50-59,55.0,True,19.0,F
refs_v3,photoreal,0,id_00_seed46143050.png,20-29,25.0,True,23.0,F
refs_v3,photoreal,0,id_00_seed46220156.png,20-29,25.0,True,26.0,F
refs_v3,photoreal,0,id_00_seed48589859.png,20-29,25.0,True,26.0,F
refs_v3,photoreal,1,id_01_seed42353879.png,20-29,25.0,True,29.0,M
refs_v3,photoreal,1,id_01_seed44800688.png,20-29,25.0,True,33.0,M
refs_v3,photoreal,1,id_01_seed47287810.png,20-29,25.0,True,30.0,M
refs_v3,photoreal,2,id_02_seed41884641.png,20-29,25.0,True,21.0,M
refs_v3,photoreal,2,id_02_seed42255919.png,20-29,25.0,True,23.0,M
refs_v3,photoreal,2,id_02_seed49886216.png,20-29,25.0,True,22.0,M
refs_v3,photoreal,3,id_03_seed41572910.png,20-29,25.0,True,25.0,M
refs_v3,photoreal,3,id_03_seed44060032.png,20-29,25.0,True,26.0,M
refs_v3,photoreal,3,id_03_seed46058457.png,20-29,25.0,True,26.0,M
refs_v3,photoreal,4,id_04_seed41974922.png,20-29,25.0,False,,
refs_v3,photoreal,4,id_04_seed49278556.png,20-29,25.0,True,22.0,F
refs_v3,photoreal,4,id_04_seed49976497.png,20-29,25.0,True,22.0,F
refs_v3,photoreal,5,id_05_seed42644143.png,20-29,25.0,True,32.0,M
refs_v3,photoreal,5,id_05_seed44642568.png,20-29,25.0,True,31.0,M
refs_v3,photoreal,5,id_05_seed46640993.png,20-29,25.0,True,35.0,M
refs_v3,photoreal,6,id_06_seed42316748.png,20-29,25.0,False,,
refs_v3,photoreal,6,id_06_seed49171998.png,20-29,25.0,False,,
refs_v3,photoreal,6,id_06_seed49869939.png,20-29,25.0,False,,
refs_v3,photoreal,7,id_07_seed45336412.png,20-29,25.0,True,27.0,M
refs_v3,photoreal,7,id_07_seed46034353.png,20-29,25.0,True,28.0,M
refs_v3,photoreal,7,id_07_seed48481162.png,20-29,25.0,True,27.0,M
refs_v3,photoreal,8,id_08_seed42753940.png,30-39,35.0,True,25.0,M
refs_v3,photoreal,8,id_08_seed45123643.png,30-39,35.0,True,37.0,M
refs_v3,photoreal,8,id_08_seed50057574.png,30-39,35.0,True,24.0,F
refs_v3,photoreal,9,id_09_seed42395828.png,30-39,35.0,True,40.0,M
refs_v3,photoreal,9,id_09_seed44394253.png,30-39,35.0,True,40.0,M
refs_v3,photoreal,9,id_09_seed46881375.png,30-39,35.0,True,37.0,M
refs_v3,photoreal,10,id_10_seed42479942.png,30-39,35.0,True,31.0,F
refs_v3,photoreal,10,id_10_seed44478367.png,30-39,35.0,True,28.0,F
refs_v3,photoreal,10,id_10_seed46476792.png,30-39,35.0,True,34.0,F
refs_v3,photoreal,11,id_11_seed46777112.png,30-39,35.0,True,45.0,M
refs_v3,photoreal,11,id_11_seed48775537.png,30-39,35.0,True,49.0,M
refs_v3,photoreal,11,id_11_seed49473478.png,30-39,35.0,True,48.0,M
refs_v3,photoreal,12,id_12_seed40524977.png,30-39,35.0,True,28.0,F
refs_v3,photoreal,12,id_12_seed47828611.png,30-39,35.0,True,26.0,F
refs_v3,photoreal,12,id_12_seed49827036.png,30-39,35.0,True,26.0,F
refs_v3,photoreal,13,id_13_seed47110770.png,30-39,35.0,False,,
refs_v3,photoreal,13,id_13_seed49109195.png,30-39,35.0,False,,
refs_v3,photoreal,13,id_13_seed49807136.png,30-39,35.0,True,35.0,M
refs_v3,photoreal,14,id_14_seed42249829.png,40-49,45.0,True,64.0,F
refs_v3,photoreal,14,id_14_seed45185335.png,40-49,45.0,True,48.0,F
refs_v3,photoreal,14,id_14_seed47183760.png,40-49,45.0,True,56.0,F
refs_v3,photoreal,15,id_15_seed40266413.png,40-49,45.0,True,41.0,M
refs_v3,photoreal,15,id_15_seed42264838.png,40-49,45.0,True,44.0,M
refs_v3,photoreal,15,id_15_seed44711647.png,40-49,45.0,True,40.0,M
refs_v3,photoreal,16,id_16_seed45535711.png,40-49,45.0,True,48.0,F
refs_v3,photoreal,16,id_16_seed46233652.png,40-49,45.0,True,40.0,F
refs_v3,photoreal,16,id_16_seed48680461.png,40-49,45.0,True,47.0,F
refs_v3,photoreal,17,id_17_seed42360813.png,40-49,45.0,True,61.0,M
refs_v3,photoreal,17,id_17_seed44730516.png,40-49,45.0,True,60.0,M
refs_v3,photoreal,17,id_17_seed47426882.png,40-49,45.0,True,56.0,M
refs_v3,photoreal,18,id_18_seed41602869.png,50-59,55.0,True,74.0,M
refs_v3,photoreal,18,id_18_seed41852426.png,50-59,55.0,False,,
refs_v3,photoreal,18,id_18_seed44299235.png,50-59,55.0,True,69.0,M
refs_v3,photoreal,19,id_19_seed42454972.png,50-59,55.0,False,,
refs_v3,photoreal,19,id_19_seed43152913.png,50-59,55.0,False,,
refs_v3,photoreal,19,id_19_seed45599722.png,50-59,55.0,False,,
refs_v3,chibi,0,id_00_seed45823389.png,20-29,25.0,True,22.0,F
refs_v3,chibi,0,id_00_seed47821814.png,20-29,25.0,True,20.0,F
refs_v3,chibi,0,id_00_seed48519755.png,20-29,25.0,True,21.0,F
refs_v3,chibi,1,id_01_seed41764707.png,20-29,25.0,True,25.0,F
refs_v3,chibi,1,id_01_seed43763132.png,20-29,25.0,True,21.0,F
refs_v3,chibi,1,id_01_seed46209941.png,20-29,25.0,True,19.0,F
refs_v3,chibi,2,id_02_seed41487874.png,20-29,25.0,True,17.0,F
refs_v3,chibi,2,id_02_seed44632624.png,20-29,25.0,True,12.0,M
refs_v3,chibi,2,id_02_seed49566555.png,20-29,25.0,True,21.0,F
refs_v3,chibi,3,id_03_seed40804865.png,20-29,25.0,False,,
refs_v3,chibi,3,id_03_seed48108499.png,20-29,25.0,True,20.0,F
refs_v3,chibi,3,id_03_seed48806440.png,20-29,25.0,True,22.0,F
refs_v3,chibi,4,id_04_seed41578155.png,20-29,25.0,False,,
refs_v3,chibi,4,id_04_seed46512086.png,20-29,25.0,True,21.0,F
refs_v3,chibi,4,id_04_seed49656836.png,20-29,25.0,True,19.0,F
refs_v3,chibi,5,id_05_seed43874523.png,20-29,25.0,True,19.0,F
refs_v3,chibi,5,id_05_seed46244226.png,20-29,25.0,True,20.0,F
refs_v3,chibi,5,id_05_seed49388976.png,20-29,25.0,True,20.0,F
refs_v3,chibi,6,id_06_seed46405528.png,20-29,25.0,False,,
refs_v3,chibi,6,id_06_seed47103469.png,20-29,25.0,True,20.0,F
refs_v3,chibi,6,id_06_seed49550278.png,20-29,25.0,True,19.0,F
refs_v3,chibi,7,id_07_seed47443606.png,20-29,25.0,False,,
refs_v3,chibi,7,id_07_seed49813309.png,20-29,25.0,True,20.0,F
refs_v3,chibi,7,id_07_seed49890415.png,20-29,25.0,True,21.0,M
refs_v3,chibi,8,id_08_seed42357173.png,30-39,35.0,True,24.0,F
refs_v3,chibi,8,id_08_seed44803982.png,30-39,35.0,True,23.0,F
refs_v3,chibi,8,id_08_seed46802407.png,30-39,35.0,True,19.0,F
refs_v3,chibi,9,id_09_seed41627783.png,30-39,35.0,True,21.0,F
refs_v3,chibi,9,id_09_seed48931417.png,30-39,35.0,True,22.0,F
refs_v3,chibi,9,id_09_seed49629358.png,30-39,35.0,True,25.0,F
refs_v3,chibi,10,id_10_seed40953689.png,30-39,35.0,True,24.0,F
refs_v3,chibi,10,id_10_seed43889195.png,30-39,35.0,True,22.0,F
refs_v3,chibi,10,id_10_seed45887620.png,30-39,35.0,True,20.0,F
refs_v3,chibi,11,id_11_seed44010642.png,30-39,35.0,False,,
refs_v3,chibi,11,id_11_seed46457451.png,30-39,35.0,True,12.0,F
refs_v3,chibi,11,id_11_seed46707008.png,30-39,35.0,True,18.0,M
refs_v3,chibi,12,id_12_seed41668613.png,30-39,35.0,True,19.0,F
refs_v3,chibi,12,id_12_seed48972247.png,30-39,35.0,True,22.0,F
refs_v3,chibi,12,id_12_seed49221804.png,30-39,35.0,True,13.0,F
refs_v3,chibi,13,id_13_seed46342725.png,30-39,35.0,False,,
refs_v3,chibi,13,id_13_seed47040666.png,30-39,35.0,False,,
refs_v3,chibi,13,id_13_seed49039091.png,30-39,35.0,False,,
refs_v3,chibi,14,id_14_seed46786993.png,40-49,45.0,True,22.0,F
refs_v3,chibi,14,id_14_seed48785418.png,40-49,45.0,True,19.0,F
refs_v3,chibi,14,id_14_seed49483359.png,40-49,45.0,True,24.0,F
refs_v3,chibi,15,id_15_seed41945177.png,40-49,45.0,True,21.0,F
refs_v3,chibi,15,id_15_seed47011246.png,40-49,45.0,True,19.0,F
refs_v3,chibi,15,id_15_seed49498368.png,40-49,45.0,True,23.0,F
refs_v3,chibi,16,id_16_seed47642905.png,40-49,45.0,True,11.0,F
refs_v3,chibi,16,id_16_seed50012608.png,40-49,45.0,True,21.0,F
refs_v3,chibi,16,id_16_seed50089714.png,40-49,45.0,True,14.0,F
refs_v3,chibi,17,id_17_seed41964046.png,40-49,45.0,True,19.0,F
refs_v3,chibi,17,id_17_seed43962471.png,40-49,45.0,True,17.0,F
refs_v3,chibi,17,id_17_seed44660412.png,40-49,45.0,True,48.0,M
refs_v3,chibi,18,id_18_seed41532765.png,50-59,55.0,True,20.0,F
refs_v3,chibi,18,id_18_seed48836399.png,50-59,55.0,False,,
refs_v3,chibi,18,id_18_seed49534340.png,50-59,55.0,True,21.0,F
refs_v3,chibi,19,id_19_seed45202955.png,50-59,55.0,True,23.0,F
refs_v3,chibi,19,id_19_seed47201380.png,50-59,55.0,True,21.0,F
refs_v3,chibi,19,id_19_seed49688502.png,50-59,55.0,False,,
refs_v3,furry,0,id_00_seed40314725.png,20-29,25.0,True,28.0,F
refs_v3,furry,0,id_00_seed45380794.png,20-29,25.0,True,23.0,F
refs_v3,furry,0,id_00_seed47827603.png,20-29,25.0,True,25.0,F
refs_v3,furry,1,id_01_seed41072555.png,20-29,25.0,True,34.0,M
refs_v3,furry,1,id_01_seed43070980.png,20-29,25.0,True,31.0,M
refs_v3,furry,1,id_01_seed43768921.png,20-29,25.0,True,36.0,M
refs_v3,furry,2,id_02_seed41493663.png,20-29,25.0,True,21.0,F
refs_v3,furry,2,id_02_seed46427594.png,20-29,25.0,True,21.0,M
refs_v3,furry,2,id_02_seed49123960.png,20-29,25.0,True,22.0,M
refs_v3,furry,3,id_03_seed43297776.png,20-29,25.0,True,27.0,M
refs_v3,furry,3,id_03_seed45296201.png,20-29,25.0,True,25.0,M
refs_v3,furry,3,id_03_seed45667479.png,20-29,25.0,True,29.0,M
refs_v3,furry,4,id_04_seed46517875.png,20-29,25.0,True,22.0,F
refs_v3,furry,4,id_04_seed48516300.png,20-29,25.0,True,22.0,F
refs_v3,furry,4,id_04_seed49214241.png,20-29,25.0,True,22.0,F
refs_v3,furry,5,id_05_seed41183946.png,20-29,25.0,True,26.0,M
refs_v3,furry,5,id_05_seed41881887.png,20-29,25.0,True,30.0,M
refs_v3,furry,5,id_05_seed43880312.png,20-29,25.0,True,35.0,M
refs_v3,furry,6,id_06_seed46411317.png,20-29,25.0,True,25.0,F
refs_v3,furry,6,id_06_seed48409742.png,20-29,25.0,True,24.0,F
refs_v3,furry,6,id_06_seed49107683.png,20-29,25.0,False,,
refs_v3,furry,7,id_07_seed44753029.png,20-29,25.0,True,27.0,M
refs_v3,furry,7,id_07_seed46751454.png,20-29,25.0,True,28.0,M
refs_v3,furry,8,id_08_seed44361387.png,30-39,35.0,True,26.0,F
refs_v3,furry,8,id_08_seed46848509.png,30-39,35.0,True,26.0,M
refs_v3,furry,8,id_08_seed49295318.png,30-39,35.0,True,23.0,F
refs_v3,furry,9,id_09_seed41185188.png,30-39,35.0,True,37.0,M
refs_v3,furry,9,id_09_seed46119119.png,30-39,35.0,True,40.0,M
refs_v3,furry,9,id_09_seed48488822.png,30-39,35.0,True,47.0,M
refs_v3,furry,10,id_10_seed42748659.png,30-39,35.0,True,26.0,F
refs_v3,furry,10,id_10_seed43446600.png,30-39,35.0,True,27.0,F
refs_v3,furry,10,id_10_seed45893409.png,30-39,35.0,True,29.0,M
refs_v3,furry,11,id_11_seed43318490.png,30-39,35.0,True,37.0,M
refs_v3,furry,11,id_11_seed44016431.png,30-39,35.0,True,42.0,M
refs_v3,furry,11,id_11_seed46014856.png,30-39,35.0,True,30.0,M
refs_v3,furry,12,id_12_seed41242078.png,30-39,35.0,True,25.0,F
refs_v3,furry,12,id_12_seed41940019.png,30-39,35.0,True,23.0,F
refs_v3,furry,12,id_12_seed48795269.png,30-39,35.0,True,26.0,F
refs_v3,furry,13,id_13_seed43901705.png,30-39,35.0,True,48.0,M
refs_v3,furry,13,id_13_seed46348514.png,30-39,35.0,False,,
refs_v3,furry,13,id_13_seed48346939.png,30-39,35.0,False,,
refs_v3,furry,14,id_14_seed41278329.png,40-49,45.0,True,43.0,M
refs_v3,furry,14,id_14_seed44423079.png,40-49,45.0,True,31.0,M
refs_v3,furry,14,id_14_seed46792782.png,40-49,45.0,True,26.0,M
refs_v3,furry,15,id_15_seed41502582.png,40-49,45.0,True,38.0,M
refs_v3,furry,15,id_15_seed48806216.png,40-49,45.0,True,38.0,M
refs_v3,furry,15,id_15_seed49504157.png,40-49,45.0,True,37.0,M
refs_v3,furry,16,id_16_seed42775030.png,40-49,45.0,True,26.0,F
refs_v3,furry,16,id_16_seed44773455.png,40-49,45.0,True,29.0,M
refs_v3,furry,16,id_16_seed45471396.png,40-49,45.0,True,26.0,F
refs_v3,furry,17,id_17_seed41521451.png,40-49,45.0,True,33.0,M
refs_v3,furry,17,id_17_seed43968260.png,40-49,45.0,True,54.0,M
refs_v3,furry,17,id_17_seed46455382.png,40-49,45.0,True,56.0,M
refs_v3,furry,18,id_18_seed40392229.png,50-59,55.0,True,68.0,F
refs_v3,furry,18,id_18_seed41090170.png,50-59,55.0,True,29.0,M
refs_v3,furry,18,id_18_seed48393804.png,50-59,55.0,True,44.0,M
refs_v3,furry,19,id_19_seed41692716.png,50-59,55.0,True,27.0,M
refs_v3,furry,19,id_19_seed42390657.png,50-59,55.0,False,,
refs_v3,furry,19,id_19_seed49694291.png,50-59,55.0,False,,
refs_v3,chibi_furry,0,id_00_seed40861854.png,20-29,25.0,True,23.0,F
refs_v3,chibi_furry,0,id_00_seed45927923.png,20-29,25.0,True,21.0,F
refs_v3,chibi_furry,0,id_00_seed47926348.png,20-29,25.0,True,21.0,F
refs_v3,chibi_furry,1,id_01_seed43883726.png,20-29,25.0,False,,
refs_v3,chibi_furry,1,id_01_seed46580092.png,20-29,25.0,False,,
refs_v3,chibi_furry,1,id_01_seed48949795.png,20-29,25.0,True,20.0,F
refs_v3,chibi_furry,2,id_02_seed41608468.png,20-29,25.0,True,20.0,F
refs_v3,chibi_furry,3,id_03_seed45766224.png,20-29,25.0,True,21.0,F
refs_v3,chibi_furry,3,id_03_seed45843330.png,20-29,25.0,True,21.0,M
refs_v3,chibi_furry,3,id_03_seed48213033.png,20-29,25.0,True,19.0,F
refs_v3,chibi_furry,4,id_04_seed41698749.png,20-29,25.0,True,17.0,F
refs_v3,chibi_furry,4,id_04_seed44395115.png,20-29,25.0,True,21.0,F
refs_v3,chibi_furry,4,id_04_seed49329046.png,20-29,25.0,True,21.0,F
refs_v3,chibi_furry,5,id_05_seed46364820.png,20-29,25.0,True,23.0,F
refs_v3,chibi_furry,5,id_05_seed47062761.png,20-29,25.0,True,27.0,M
refs_v3,chibi_furry,5,id_05_seed49061186.png,20-29,25.0,True,21.0,M
refs_v3,chibi_furry,6,id_06_seed44288557.png,20-29,25.0,True,21.0,F
refs_v3,chibi_furry,6,id_06_seed47224063.png,20-29,25.0,True,19.0,F
refs_v3,chibi_furry,6,id_06_seed49222488.png,20-29,25.0,True,19.0,F
refs_v3,chibi_furry,7,id_07_seed42630269.png,20-29,25.0,True,17.0,M
refs_v3,chibi_furry,7,id_07_seed44628694.png,20-29,25.0,True,22.0,M
refs_v3,chibi_furry,7,id_07_seed47564200.png,20-29,25.0,True,26.0,F
refs_v3,chibi_furry,8,id_08_seed44476192.png,30-39,35.0,True,23.0,F
refs_v3,chibi_furry,8,id_08_seed45174133.png,30-39,35.0,True,25.0,F
refs_v3,chibi_furry,8,id_08_seed47172558.png,30-39,35.0,True,26.0,F
refs_v3,chibi_furry,9,id_09_seed41748377.png,30-39,35.0,True,23.0,F
refs_v3,chibi_furry,9,id_09_seed41997934.png,30-39,35.0,True,26.0,F
refs_v3,chibi_furry,9,id_09_seed49301568.png,30-39,35.0,True,25.0,F
refs_v3,chibi_furry,10,id_10_seed41832491.png,30-39,35.0,True,22.0,F
refs_v3,chibi_furry,10,id_10_seed44528857.png,30-39,35.0,True,20.0,F
refs_v3,chibi_furry,10,id_10_seed46898560.png,30-39,35.0,True,20.0,F
refs_v3,chibi_furry,11,id_11_seed46827602.png,30-39,35.0,False,,
refs_v3,chibi_furry,11,id_11_seed48826027.png,30-39,35.0,True,25.0,F
refs_v3,chibi_furry,11,id_11_seed49197305.png,30-39,35.0,True,21.0,F
refs_v3,chibi_furry,12,id_12_seed44468734.png,30-39,35.0,True,22.0,F
refs_v3,chibi_furry,12,id_12_seed45166675.png,30-39,35.0,True,21.0,F
refs_v3,chibi_furry,12,id_12_seed47165100.png,30-39,35.0,True,27.0,F
refs_v3,chibi_furry,13,id_13_seed49159685.png,30-39,35.0,True,24.0,F
refs_v3,chibi_furry,14,id_14_seed41602378.png,40-49,45.0,True,24.0,F
refs_v3,chibi_furry,14,id_14_seed42300319.png,40-49,45.0,True,20.0,F
refs_v3,chibi_furry,14,id_14_seed49603953.png,40-49,45.0,True,24.0,F
refs_v3,chibi_furry,15,id_15_seed42315328.png,40-49,45.0,True,24.0,M
refs_v3,chibi_furry,15,id_15_seed44685031.png,40-49,45.0,True,32.0,F
refs_v3,chibi_furry,15,id_15_seed49618962.png,40-49,45.0,False,,
refs_v3,chibi_furry,16,id_16_seed42873775.png,40-49,45.0,True,22.0,F
refs_v3,chibi_furry,16,id_16_seed45320584.png,40-49,45.0,True,28.0,F
refs_v3,chibi_furry,16,id_16_seed46018525.png,40-49,45.0,True,33.0,F
refs_v3,chibi_furry,17,id_17_seed42334197.png,40-49,45.0,True,21.0,F
refs_v3,chibi_furry,17,id_17_seed44781006.png,40-49,45.0,True,42.0,M
refs_v3,chibi_furry,17,id_17_seed46779431.png,40-49,45.0,True,39.0,M
refs_v3,chibi_furry,19,id_19_seed46873590.png,50-59,55.0,True,31.0,F
refs_v3,chibi_furry,19,id_19_seed47571531.png,50-59,55.0,True,23.0,F
refs_v3,chibi_furry,19,id_19_seed50018340.png,50-59,55.0,False,,
