set,render,id_idx,mp_detected,iod_over_facew,eye_vpos,lower_face_ratio,bs_jawOpen,bs_eyeBlink,bs_mean_abs,arc_detected,arc_anchor_ok,arc_cosine
refs,id_00_seed24671558.png,0,True,0.5135449828920942,0.3551676458818225,0.17928420289577188,0.0002435168862575665,0.0036671796115115285,0.09474248006674858,True,True,0.20761975646018982
refs,id_00_seed27158680.png,0,True,0.5149219779588577,0.39209762658472,0.17138268193797632,0.00013779777509626,0.0017036445497069508,0.0837372912895728,False,True,
refs,id_00_seed29065160.png,0,True,0.5258294851069921,0.40226804054588594,0.18768751710073436,0.0008260493632405996,0.001778809993993491,0.10653781541596127,True,True,0.04674822464585304
refs,id_00_seed29157105.png,0,True,0.5011507672054009,0.3833436032721573,0.1932164457437489,8.038572559598833e-05,0.006395928678102791,0.08734229684928785,True,True,0.16266848146915436
refs,id_01_seed21293139.png,1,True,0.45468128585496725,0.40859805880706945,0.1939063043944823,0.000602114771027118,0.0034940106561407447,0.12167405791005059,True,True,0.13595014810562134
refs,id_01_seed21991080.png,1,True,0.47254729199900847,0.43360872674500295,0.1866354328105088,0.0013830660609528422,0.003800002741627395,0.13079777959961905,True,True,0.13817700743675232
refs,id_01_seed23989505.png,1,True,0.48826999427890483,0.34202235712912243,0.18335816219142703,0.0017733121057972312,0.0024648598046042025,0.0921836170236477,False,True,
refs,id_02_seed21747649.png,2,True,0.47386667710814157,0.341471288084907,0.22134281182136695,0.001133291283622384,0.003614455577917397,0.121049658773043,True,True,0.1644940972328186
refs,id_02_seed22445590.png,2,True,0.5018543413634026,0.39010864923046024,0.20249072840541885,0.0003740986867342144,0.004425840044859797,0.121495026059739,False,True,
refs,id_02_seed24444015.png,2,True,0.45518043275161435,0.41290120209641235,0.20295166117996377,0.0006261953967623413,0.003243115032091737,0.13517305874359445,True,True,0.08144968748092651
refs,id_03_seed20383697.png,3,True,0.5027787943158847,0.3866036139699645,0.15741020866488403,0.0007426568772643805,0.002401079167611897,0.11108236507403974,True,True,0.16624046862125397
refs,id_03_seed25938463.png,3,True,0.4933012075747454,0.40061653477996784,0.16250950163200842,0.0013872160343453288,0.006505334749817848,0.11122282026401574,True,True,0.12008342146873474
refs,id_03_seed27936888.png,3,True,0.5143265111603783,0.4135999618472421,0.141175425338876,0.0012780969263985753,0.0028054140275344253,0.12887634258042624,True,True,0.12837755680084229
refs,id_04_seed25148245.png,4,True,0.4773951662703817,0.3826016912947145,0.17453107923546538,0.001921682502143085,0.0017832495796028525,0.10937013694721177,True,True,0.1083378717303276
refs,id_04_seed27517948.png,4,True,0.5059027009434715,0.38820394493916,0.2115870265257228,0.00011469350283732638,0.0015405574231408536,0.10926390260406225,True,True,0.2660098075866699
refs,id_04_seed30214314.png,4,True,0.5053711564499931,0.4095221278260812,0.14795489765645553,0.0009618111071176827,0.0026003007660619915,0.08268034943817207,True,True,0.0929282158613205
refs,id_05_seed20544960.png,5,True,0.43798559312378715,0.3724714399801702,0.2043261015763042,0.0021408263128250837,0.00641750858630985,0.08509655172075352,True,True,0.10395212471485138
refs,id_05_seed22543385.png,5,True,0.4373763328345038,0.39312479793299604,0.13632753418627427,0.005070531740784645,0.009475968778133392,0.1081173651313597,True,True,0.2253885269165039
refs,id_05_seed29847019.png,5,True,0.44076131167084553,0.38012666290804403,0.2127092485032125,0.0011768820695579052,0.00350270071066916,0.08888922582537385,False,True,
refs,id_06_seed21736769.png,6,True,0.5178642903017491,0.4131510721931871,0.19256927140023916,0.00010351054515922442,0.004024756024591625,0.12492763931821106,True,True,0.05009666830301285
refs,id_06_seed26670700.png,6,True,0.5220155679832452,0.4042121716872029,0.1887675191814975,0.0008711609989404678,0.003482484142296016,0.1289758136467349,True,True,0.027295351028442383
refs,id_06_seed28592019.png,6,True,0.538913210278348,0.4248704233297955,0.15508710658141864,0.0008171007502824068,0.0013585523411165923,0.12140017272820007,True,True,0.09146206825971603
refs,id_07_seed20366672.png,7,True,0.5361918199846045,0.4266020472129284,0.13980533635495837,0.003307935781776905,0.006397613324224949,0.08653818117972907,True,True,0.10759830474853516
refs,id_07_seed22365097.png,7,True,0.5093592662991828,0.38337462433054814,0.19130512591484386,0.00021432930952869356,0.003442194138187915,0.08792661413939402,False,True,
refs,id_07_seed27431166.png,7,True,0.5068593320687461,0.41491591551920315,0.1870325223252248,0.00021509843645617366,0.010436621028929949,0.09263996848109265,False,True,
refs,id_08_seed22677905.png,8,True,0.5305915111856151,0.36680858003319683,0.16749759690076169,0.0004893050063401461,0.004618444945663214,0.08115083817531772,True,True,0.006247654557228088
refs,id_08_seed23375846.png,8,True,0.5181934725227603,0.4171466206338672,0.12493229990078872,0.002098585246130824,0.0034095023293048143,0.06956857987968071,True,True,-0.022748474031686783
refs,id_08_seed25374271.png,8,True,0.5045544656895333,0.405895981282673,0.16646726378905813,0.0012000947026535869,0.016602041199803352,0.08805765855054823,True,True,0.056828390806913376
refs,id_09_seed22290773.png,9,True,0.49331174342181006,0.3676700623541038,0.24571588249552484,0.00024504403700120747,0.0025519602932035923,0.10936626906962679,True,True,0.23685382306575775
refs,id_09_seed27224704.png,9,True,0.5310478663885169,0.37411758294812786,0.18477159168461554,0.001118115265853703,0.001566846069181338,0.1258435504109439,True,True,0.1668558120727539
refs,id_09_seed29594407.png,9,True,0.4962870986808388,0.42882319616673525,0.18917756064111174,0.0008278266177512705,0.00435658753849566,0.15635358846203998,True,True,0.09871810674667358
refs,id_10_seed22019728.png,10,True,0.4619287154250225,0.3686976037740239,0.17164952589679833,0.002017744118347764,0.0017035477794706821,0.10674440539501753,False,True,
refs,id_10_seed22096834.png,10,True,0.4657801863584714,0.3550409813668932,0.18012577874893745,0.0012126894434913993,0.005935562890954316,0.0663585999573957,False,True,
refs,id_10_seed30098409.png,10,True,0.47984923506790617,0.37834362086644974,0.14869985546291542,0.0016994500765576959,0.001665571820922196,0.10929863428315383,True,True,0.07157360017299652
refs,id_11_seed22948226.png,11,True,0.4850312369856195,0.42091225473806354,0.16026394801082505,0.0007577261421829462,0.004756571026518941,0.10740126428536662,False,True,
refs,id_11_seed24946651.png,11,True,0.4752331752179705,0.35514592116597116,0.15331841000000293,0.002642723498865962,0.00933969602920115,0.033321988803471245,True,True,0.359236478805542
refs,id_11_seed25644592.png,11,True,0.5248097236941186,0.3975889419174898,0.20372925075078194,0.0007868920802138746,0.0029020014917477965,0.1336320677137381,True,True,0.06338906288146973
refs,id_12_seed20739234.png,12,True,0.5154462580186784,0.3604989659508345,0.1800924166883931,0.004693439695984125,0.0007079954229993746,0.12142494166833305,True,True,0.17044426500797272
refs,id_12_seed28042868.png,12,True,0.5092689034385289,0.38710827734793796,0.20809851652387343,0.0017041746759787202,0.0036468118778429925,0.10460027465598738,True,True,-0.02272455021739006
refs,id_12_seed28740809.png,12,True,0.5121232254919827,0.41788943677601303,0.18874138925552966,0.0007583892438560724,0.0030415524379350245,0.139702792183857,True,True,-0.047120608389377594
refs,id_13_seed21084577.png,13,True,0.474406116574882,0.4066129647822341,0.17710956123452945,0.0007847748347558081,0.001331468898570165,0.09642789044209052,True,True,0.06418098509311676
refs,id_13_seed26639343.png,13,True,0.4874894622546268,0.39332220686126956,0.1505983229360502,0.00922178290784359,0.0017963683349080384,0.06828215417953952,True,True,0.10189583897590637
refs,id_13_seed28637768.png,13,True,0.49781001149667314,0.3788138361530995,0.2002032941922497,0.00037129074917174876,0.002866656403057277,0.10057350195434654,True,True,0.1168414056301117
refs,id_14_seed26283699.png,14,True,0.47912772429989037,0.347962449816459,0.22799209481901675,0.0013364244950935245,0.003062632807996124,0.11905061877080365,True,True,0.03519022464752197
refs,id_14_seed28282124.png,14,True,0.4858269766975481,0.3916237847997905,0.19511540772537275,0.00034153429442085326,0.0069890005979686975,0.1072049117226932,True,True,0.04465162754058838
refs,id_14_seed28980065.png,14,True,0.5107452205388238,0.39204512058079416,0.23756505361531668,0.0001367703080177307,0.008015161263756454,0.14473285553010212,True,True,-0.013195579871535301
refs,id_15_seed21298381.png,15,True,0.5048891237719206,0.4091170623295434,0.20276799936610745,0.0004078616912011057,0.0006886815535835922,0.13910758294317915,False,True,
refs,id_15_seed26364450.png,15,True,0.464733722072353,0.39358279631355386,0.12252347047569695,0.005513761192560196,0.004513925407081842,0.07046259598283856,False,True,
refs,id_15_seed28811259.png,15,True,0.5230253242643171,0.41780006025216154,0.17898975473451195,0.0001615008368389681,0.005642544943839312,0.11394707935807852,True,True,0.10355845093727112
refs,id_16_seed20891682.png,16,True,0.47915607893356527,0.4300900749266109,0.19902853618932342,0.0009484871407039464,0.00588783307466656,0.12865878834700967,True,True,0.06036175787448883
refs,id_16_seed25957751.png,16,True,0.45363047452435074,0.3687716972649735,0.20363447897612258,0.0011667422950267792,0.001346773758996278,0.10513955636562582,False,True,
refs,id_16_seed28893257.png,16,True,0.4902738871303191,0.42200552487797344,0.21938557763596983,0.00030750231235288084,0.006488560698926449,0.13141379434733325,True,True,0.019521258771419525
refs,id_17_seed23969703.png,17,True,0.5079989256253642,0.362175290705149,0.1809632882770037,0.0011372164590284228,0.024006323888897896,0.08740332895934043,True,True,0.34579649567604065
refs,id_17_seed26456825.png,17,True,0.4887859236580463,0.34541753823850707,0.18001340208996222,0.0018123965710401535,0.007705035852268338,0.058643250823282006,True,True,0.37521177530288696
refs,id_17_seed28903634.png,17,True,0.5364823374920583,0.37617179249363353,0.16552262677689472,0.005471948999911547,0.005251947557553649,0.12291128275328098,True,True,0.246026873588562
refs,id_18_seed21904218.png,18,True,0.4897555432931802,0.3536642655024715,0.20059197665565964,0.000790235644672066,0.0023137147072702646,0.07200550664891764,False,True,
refs,id_18_seed23902643.png,18,True,0.5288393893685536,0.37730488779258337,0.16003931078714964,0.00032998155802488327,0.0023272918188013136,0.10702869937242851,False,True,
refs,id_18_seed28968712.png,18,True,0.5035912369094194,0.345717448408006,0.21384653969473733,0.00029009446734562516,0.0031773564405739307,0.08979456362999617,True,True,0.20762485265731812
refs,id_19_seed20486609.png,19,True,0.494250669788138,0.43085898695078584,0.13613435256879347,0.0024927041959017515,0.01024453155696392,0.09823943667576338,True,True,0.3028399646282196
refs,id_19_seed22485034.png,19,True,0.4608016677399628,0.37302293356678007,0.1561371757198849,0.003141246736049652,0.009551731869578362,0.06994246939696161,True,True,0.5754197835922241
refs,id_19_seed23182975.png,19,True,0.5147278331031352,0.44868821174475637,0.17089931692924704,0.0009547503432258964,0.0022611961176153272,0.13086798531428945,True,True,0.21494808793067932
refs_v2,id_00_seed29189240.png,0,True,0.488230382709351,0.43119423399178297,0.1528135263663488,0.0005047469167038798,0.0014389994903467596,0.12928237599698086,True,True,-0.04696427285671234
refs_v2,id_01_seed22078971.png,1,True,0.527226784435092,0.4057107015630604,0.15149188437993355,0.010668941773474216,0.0019111636211164296,0.14065323927807533,False,True,
refs_v2,id_01_seed24077396.png,1,True,0.4900963200382895,0.36923094958918823,0.15391949960320336,0.01287677139043808,0.0024307677522301674,0.09159474575502977,False,True,
refs_v2,id_01_seed26075821.png,1,True,0.5168977421997879,0.40848517348032354,0.18346148325211412,0.0009359086980111897,0.0038118805969133973,0.1134126095976437,True,True,0.06858953833580017
refs_v2,id_02_seed20879969.png,2,True,0.513457652115573,0.4297205997770843,0.17781748737297842,0.000576408114284277,0.003700175730045885,0.1167484240681726,True,True,0.08736953884363174
refs_v2,id_02_seed21577910.png,2,True,0.51118725024708,0.3956376049136193,0.13042877832924496,0.0021550797391682863,0.0011261216131970286,0.07740421137011047,True,True,0.22687244415283203
refs_v2,id_02_seed23576335.png,2,True,0.5048204180261597,0.4380078053656318,0.15806024567642987,0.0009855719981715083,0.00681238214019686,0.09820330799113443,True,True,0.06477445363998413
refs_v2,id_03_seed24342370.png,3,True,0.46311771286943765,0.3406129943791648,0.19109101458758815,0.001183209242299199,0.028465302661061287,0.030755863507122647,True,True,0.6620270013809204
refs_v2,id_03_seed26829492.png,3,True,0.4840005735972044,0.39442385549693554,0.17379359480581738,0.0006754127680324018,0.002715747628826648,0.05082768531441563,True,True,0.23594799637794495
refs_v2,id_03_seed29276301.png,3,True,0.5083581859917906,0.4320854142780056,0.17128385507778776,0.0010569235309958458,0.0023820161586627364,0.10006019600911906,True,True,0.07190018892288208
refs_v2,id_04_seed23787456.png,4,True,0.5318175867553038,0.4262777851176033,0.16286081579663628,0.0011416432680562139,0.0050700337160378695,0.12691579637699524,True,True,0.23453210294246674
refs_v2,id_04_seed24037013.png,4,True,0.483134177263828,0.41155268691256197,0.14700114284784668,0.0030235329177230597,0.0017383898957632482,0.10336196471043899,True,True,0.2803458571434021
refs_v2,id_04_seed26483822.png,4,True,0.5132682370315067,0.42435476872974454,0.13963895502980564,0.002376158256083727,0.0036711767315864563,0.10599713994776216,True,True,0.29588446021080017
refs_v2,id_05_seed21824895.png,5,True,0.46256378610092475,0.3341259261098154,0.21828239989485618,0.0004099006182514131,0.005670548067428172,0.06938857308441808,True,True,0.3876042068004608
refs_v2,id_05_seed24521261.png,5,True,0.45904046395107073,0.3460273450308871,0.1888995746010647,0.0025187539868056774,0.007690347731113434,0.06631499143866798,True,True,0.49897301197052
refs_v2,id_05_seed29455192.png,5,True,0.49467591782334,0.4260481364138945,0.1670925936529019,0.0016252236673608422,0.005706898868083954,0.11961227811753063,True,True,0.1987197995185852
refs_v2,id_06_seed21364845.png,6,True,0.5340718412678388,0.3847043518327194,0.15798727439845525,0.001643059658817947,0.0010039736807812005,0.07587834699500776,False,False,
refs_v2,id_06_seed26430914.png,6,True,0.5245829933361268,0.37668404269814953,0.17604600145992516,0.001043544034473598,0.0007042359939077869,0.09333641344140234,True,False,
refs_v2,id_06_seed28429339.png,6,True,0.5278407444696113,0.3655135444532792,0.1602225658528624,0.001929891761392355,0.0011048155138269067,0.06472372570305915,True,False,
refs_v2,id_07_seed26108237.png,7,True,0.4682639700370882,0.33389317068201935,0.2155495126933776,0.0004525675321929157,0.02450638636946678,0.048356170620539714,True,True,0.4497825503349304
refs_v2,id_07_seed26806178.png,7,True,0.4959585753184768,0.42238707550634513,0.18556873612975638,0.0006066391943022609,0.00896135438233614,0.09646941962858971,False,True,
refs_v2,id_07_seed28804603.png,7,True,0.47092380952175794,0.40801878939642,0.1655269064012752,0.0018597834277898073,0.0031813746318221092,0.08424985482147303,True,True,0.061030313372612
refs_v2,id_08_seed21262193.png,8,True,0.5250690321199202,0.4269614856767513,0.16461964894453252,0.0005217048455961049,0.005751839838922024,0.13110853053778287,True,True,0.017560409381985664
refs_v2,id_08_seed23183512.png,8,True,0.5025379370824429,0.3843874091039048,0.20811669795494186,0.0007245593005791306,0.0013912869617342949,0.12292404719541877,True,True,0.12901142239570618
refs_v2,id_08_seed28117443.png,8,True,0.5162473559660142,0.4075672074040223,0.17669567100622213,0.0017123200232163072,0.002992316847667098,0.11884018009010251,False,True,
refs_v2,id_09_seed24601079.png,9,True,0.4740725062137296,0.41922296334573844,0.17177422431229586,0.0004228874167893082,0.002776812470983714,0.09296804539851504,True,True,0.07500720024108887
refs_v2,id_09_seed26599504.png,9,True,0.4985718073948472,0.42367044386097896,0.15416138152838804,0.00045754460734315217,0.002743920515058562,0.06759016752243377,True,True,0.12806567549705505
refs_v2,id_09_seed29046313.png,9,True,0.5050566902948719,0.4172565712670383,0.1610228750893341,0.0006640881183557212,0.0018550809472799301,0.10429510652722253,True,True,0.05828625708818436
refs_v2,id_10_seed22220637.png,10,True,0.48935962082122697,0.35539158891707573,0.1757519186987397,0.0007859084871597588,0.003064717340748757,0.04906286981412004,True,True,0.36995723843574524
refs_v2,id_10_seed24667446.png,10,True,0.5027393264912172,0.41127548068006486,0.1773839605155206,0.0005834088078700006,0.0019225240394007415,0.09778147881226874,True,True,0.0659383088350296
refs_v2,id_10_seed26665871.png,10,True,0.5128840432732436,0.40924406920263745,0.13675113192835614,0.001259860466234386,0.0031221617246046662,0.0753519226774661,True,True,0.12024936079978943
refs_v2,id_11_seed21404198.png,11,True,0.5055755959198929,0.4519425018758483,0.14291459876840357,0.00325875636190176,0.004792618681676686,0.10939183715163606,True,True,0.05375627055764198
refs_v2,id_11_seed24100564.png,11,True,0.493177668460702,0.3895630184957582,0.18076894148676484,0.001139273401349783,0.0038022423395887017,0.10419141559278973,True,True,0.1802048683166504
refs_v2,id_11_seed26470267.png,11,True,0.508869178687693,0.3796143772844252,0.20180197042834108,0.0010433223797008395,0.003139244392514229,0.08519591324249157,True,True,0.15632662177085876
refs_v2,id_12_seed25945305.png,12,True,0.5069796165533103,0.4014750579441901,0.14196684578941854,0.0009370860643684864,0.0027298658387735486,0.09031939929538127,True,True,0.28188857436180115
refs_v2,id_12_seed26643246.png,12,True,0.4984942992858785,0.38327658506754636,0.16019755345467834,0.001701816450804472,0.002388773311395198,0.08225858918729209,True,True,0.3780340254306793
refs_v2,id_12_seed29090055.png,12,True,0.49002885091264226,0.37442578074352306,0.15999665675002528,0.0006885227048769593,0.015679004602134228,0.05595456315649468,True,True,0.38832587003707886
refs_v2,id_13_seed22147587.png,13,True,0.47617439033660935,0.38021918245831493,0.12911254177606593,0.00864273402839899,0.003012743196450174,0.10036711848989022,False,False,
refs_v2,id_13_seed24146012.png,13,True,0.4728637103820477,0.32729622048723656,0.2093254204452456,0.00336648290976882,0.0032907624263316393,0.06426463921884927,False,False,
refs_v2,id_13_seed24843953.png,13,True,0.4903425245055882,0.38286058486403424,0.17641538229934559,0.0030413437634706497,0.001819901546696201,0.11458956785240136,False,False,
refs_v2,id_14_seed23981157.png,14,True,0.5013234026843424,0.4226239809466693,0.16208330157754092,0.0008062825654633343,0.0011644375626929104,0.09372181422520402,True,True,0.027926238253712654
refs_v2,id_14_seed26350860.png,14,True,0.4948411916806208,0.35947528249438376,0.2136764765049641,0.000653755443636328,0.013993314933031797,0.07559786436374721,False,True,
refs_v2,id_14_seed29047226.png,14,True,0.5089624221040855,0.430355045785594,0.15655206546124087,0.0008250165265053511,0.004955730866640806,0.08849819241515328,True,True,0.0519474521279335
refs_v2,id_15_seed21088335.png,15,True,0.5279660421855392,0.3907979801905798,0.14908619731590556,0.00052400934509933,0.0017081612022593617,0.08752458626762141,True,True,0.12122565507888794
refs_v2,id_15_seed21165441.png,15,True,0.5098148812850751,0.41669681735386205,0.17145318790047478,0.0006015841499902308,0.004364154767245054,0.10207738401541332,True,True,0.11985000967979431
refs_v2,id_15_seed28718632.png,15,True,0.524920324171483,0.400613402131894,0.1204077358131169,0.0013356630224734545,0.002652907103765756,0.07635317695176105,True,True,0.11267314851284027
refs_v2,id_16_seed22680194.png,16,True,0.49474974507830577,0.40701332618946146,0.2050154993655051,0.0012532450491562486,0.002997297910042107,0.1273141272054525,True,True,0.09287057816982269
refs_v2,id_16_seed28194647.png,16,True,0.5062592900459677,0.3950407575489885,0.1736574377064445,0.0006347679882310331,0.00231644551968202,0.07657813276119049,True,True,0.17164018750190735
refs_v2,id_16_seed30193072.png,16,True,0.4895205647737849,0.36279910216271116,0.16694040279416072,0.0007143799448385835,0.000808993456303142,0.06711689239231457,True,True,0.35130244493484497
refs_v2,id_17_seed21572372.png,17,True,0.4584788293075956,0.3645223462386499,0.18817595580355082,0.0006541097536683083,0.027686255052685738,0.030931485797117568,True,True,0.33922910690307617
refs_v2,id_17_seed22270313.png,17,True,0.5048628406657227,0.4083822095859284,0.15832279459760926,0.0006193205481395125,0.003342311887536198,0.07700691647230794,True,True,0.12447025626897812
refs_v2,id_17_seed29573947.png,17,True,0.5056525628756391,0.39455329249646026,0.17258165222850647,0.002560571301728487,0.0029559050453826785,0.08408939588009409,True,True,0.09555631875991821
refs_v2,id_18_seed21664572.png,18,True,0.5235789345660846,0.4388564224250971,0.14437670240958933,0.0011410834267735481,0.004365110187791288,0.11254519515563398,True,True,0.1847565472126007
refs_v2,id_18_seed21914129.png,18,True,0.510183302660728,0.4369819325401253,0.151520849872096,0.0010978254722431302,0.005666820681653917,0.10803525976627334,True,True,0.15751400589942932
refs_v2,id_18_seed24360938.png,18,True,0.4839353047102887,0.4305107041826331,0.16886919255005567,0.0012995563447475433,0.004700489109382033,0.10966766944091032,True,True,0.16333237290382385
refs_v2,id_19_seed26145111.png,19,True,0.5268033981686068,0.44981575667445584,0.13227328767167,0.0010949120623990893,0.0024663001531735063,0.08210703800144217,False,False,
refs_v2,id_19_seed28591920.png,19,True,0.49259065762616006,0.44106360206942197,0.1789895226273292,0.00022866555082146078,0.04467505030333996,0.11899259880413492,True,False,
refs_v2,id_19_seed29289861.png,19,True,0.5156639417449468,0.458044904096548,0.13145795946578814,0.0013325943145900965,0.004018218605779111,0.09567824102074371,True,False,
refs_v3,id_00_seed45823389.png,0,True,0.46683343693809193,0.41074461367591386,0.11392866064391974,0.010674439370632172,0.004507750039920211,0.09971206129005594,True,True,0.02556435763835907
refs_v3,id_00_seed47821814.png,0,True,0.5400979394232079,0.4433711769498368,0.12197529286233065,0.0016705919988453388,0.004312563920393586,0.10943334914584739,True,True,-0.0462140217423439
refs_v3,id_00_seed48519755.png,0,True,0.516237510815371,0.4111283531176475,0.13309361698887562,0.00033718915074132383,0.0018567715887911618,0.10514951621596598,True,True,0.06254231184720993
refs_v3,id_01_seed41764707.png,1,True,0.5154333463816306,0.3576217726877829,0.1386211895036455,0.005043143406510353,0.0017995383823290467,0.08699025362236167,True,True,0.0659327283501625
refs_v3,id_01_seed43763132.png,1,True,0.4919606864159607,0.4158657530892001,0.19442737952971562,0.00073928979691118,0.0024250108981505036,0.12603474280294338,True,True,0.05558045580983162
refs_v3,id_01_seed46209941.png,1,True,0.49811406811294695,0.3243409935359519,0.2283268966298069,0.0022656256332993507,0.0009683757380116731,0.0872530447915647,True,True,0.1117468997836113
refs_v3,id_02_seed41487874.png,2,True,0.5125932240938228,0.4302738142605819,0.13390284857204743,0.0012069983640685678,0.004033131990581751,0.10062502114274577,True,True,0.07976013422012329
refs_v3,id_02_seed44632624.png,2,True,0.5114155937838126,0.409147697440834,0.1406903003390487,0.0009324739221483469,0.002107621286995709,0.07818038641069595,True,True,0.19350114464759827
refs_v3,id_02_seed49566555.png,2,True,0.5154633174093526,0.3797458280898949,0.13887086693553383,0.0050344085320830345,0.0014156844408717006,0.07352837483846414,True,True,0.2603268027305603
refs_v3,id_03_seed40804865.png,3,True,0.48714141608880074,0.4231905516428326,0.1697619043379622,0.0006367081659846008,0.002483549411408603,0.09927626059549456,False,True,
refs_v3,id_03_seed48108499.png,3,True,0.47734963873219566,0.4150622684220886,0.18627479725994456,0.0003290102758910507,0.0024604617501609027,0.08402023610440724,True,True,0.13032203912734985
refs_v3,id_03_seed48806440.png,3,True,0.4865168655991612,0.40893731343609574,0.1469828901198619,0.0028244012501090765,0.0009708591969683766,0.10292422107091508,True,True,0.03807303309440613
refs_v3,id_04_seed41578155.png,4,True,0.515332248281305,0.4252391252731071,0.14289035707776682,0.0020434160251170397,0.0036067833425477147,0.11277014691255179,False,True,
refs_v3,id_04_seed46512086.png,4,True,0.5255365150604534,0.4460322358198237,0.13159602302132958,0.005110074765980244,0.0028792343800887465,0.12580920950152658,True,True,0.160487562417984
refs_v3,id_04_seed49656836.png,4,True,0.5204059658011949,0.43593244376543383,0.13565159854198885,0.0014067369047552347,0.0054660458117723465,0.1172619693988192,True,True,0.2908739745616913
refs_v3,id_05_seed43874523.png,5,True,0.494814342443209,0.37997506407513926,0.1830417235981526,0.002246653661131859,0.0024857850512489676,0.10218999400432939,True,True,0.2861889898777008
refs_v3,id_05_seed46244226.png,5,True,0.4933901064606606,0.40294850834361856,0.15455976036350672,0.002641575178131461,0.0016680257103871554,0.10219869591136913,True,True,0.27521729469299316
refs_v3,id_05_seed49388976.png,5,True,0.49967579634747467,0.41763891442453877,0.16534934327125878,0.0016491530695930123,0.002771168074104935,0.11492551338801153,True,True,0.23965266346931458
refs_v3,id_06_seed46405528.png,6,True,0.5380190131405299,0.41187283656758417,0.16141295135444506,0.0017735239816829562,0.00297389249317348,0.10943932764201054,False,False,
refs_v3,id_06_seed47103469.png,6,True,0.5104268116986049,0.38696522403394823,0.15848629386768945,0.001492069917730987,0.0010251706262351945,0.10104902847493619,True,False,
refs_v3,id_06_seed49550278.png,6,True,0.5236107049801578,0.3901541628383477,0.19410610104337925,0.0004129992157686502,0.002523426606785506,0.10862975303777954,True,False,
refs_v3,id_07_seed47443606.png,7,True,0.47144343899972213,0.41939771848666074,0.19493389514455353,0.0011991200735792518,0.004890910116955638,0.08914517654358492,False,True,
refs_v3,id_07_seed49813309.png,7,True,0.48986449067464855,0.4037632103962795,0.1385210281916996,0.002705145860090852,0.0013368941727094352,0.1305240986059294,True,True,-0.017320845276117325
refs_v3,id_07_seed49890415.png,7,True,0.4726569480018968,0.33393985042078195,0.18506139297694474,0.0013711962383240461,0.007696759887039661,0.04314430233563098,True,True,0.3730740249156952
refs_v3,id_08_seed42357173.png,8,True,0.4902068911742203,0.3265154911847911,0.18715482615790136,0.0011192741803824902,0.0018639332265593112,0.09687378781486498,True,True,0.19255290925502777
refs_v3,id_08_seed44803982.png,8,True,0.4987472326462316,0.3530558119157656,0.16942440149324503,0.0006549001554958522,0.004555709660053253,0.09467974215006172,True,True,0.32132822275161743
refs_v3,id_08_seed46802407.png,8,True,0.5347263961779389,0.39222455489914504,0.18214581880513947,0.0003008939092978835,0.005748799769207835,0.11264243429942056,True,True,0.05212794244289398
refs_v3,id_09_seed41627783.png,9,True,0.5028138156561226,0.39836946969761894,0.1864700742799011,0.0010136598721146584,0.002363246458116919,0.11114613361999222,True,True,0.1111554205417633
refs_v3,id_09_seed48931417.png,9,True,0.506148022503696,0.410039806687469,0.1590498057525209,0.0015720759984105825,0.0018917445268016309,0.08416953207107693,True,True,0.04940562695264816
refs_v3,id_09_seed49629358.png,9,True,0.5094112702696196,0.38580306111537466,0.1565543709241714,0.005962069611996412,0.001956552208866924,0.09215311262255838,True,True,0.08208467066287994
refs_v3,id_10_seed40953689.png,10,True,0.48910110356567055,0.39821124226669513,0.13706055543789283,0.003739251522347331,0.003811374946963042,0.10813259093490483,True,True,-0.007926364429295063
refs_v3,id_10_seed43889195.png,10,True,0.4777527200596602,0.40212043165688444,0.19845372740117936,0.0005584979662671685,0.0037673129700124264,0.12254182959018405,True,True,0.05383326858282089
refs_v3,id_10_seed45887620.png,10,True,0.5227189427378068,0.3983704173090491,0.16194116166582545,0.0013766405172646046,0.0009614422015147284,0.08774876027999695,True,True,0.08630926162004471
refs_v3,id_11_seed44010642.png,11,True,0.49599914344177737,0.37599844516349434,0.18701673772225072,0.0009928880026564002,0.0021160862816032022,0.07085527463822945,False,True,
refs_v3,id_11_seed46457451.png,11,True,0.5015585418101156,0.41864758665842994,0.1834896505725953,0.0019940673373639584,0.0030930372304283082,0.08505784351893429,True,True,0.10680130124092102
refs_v3,id_11_seed46707008.png,11,True,0.5076283476462955,0.39580398329029093,0.18251931739897798,0.0008238745504058897,0.0015731912571936846,0.0909505416265338,True,True,0.17203718423843384
refs_v3,id_12_seed41668613.png,12,True,0.5300319850242003,0.4165666924476736,0.16457662762024128,0.0005471367621794343,0.001967992662684992,0.12020278155789668,True,True,0.23630356788635254
refs_v3,id_12_seed48972247.png,12,True,0.4935192381249435,0.3899752594799889,0.15466230781573584,0.0013243634020909667,0.0008973113872343674,0.10311133715167209,True,True,0.3182647228240967
refs_v3,id_12_seed49221804.png,12,True,0.5180141200966689,0.3979750792697712,0.16145166447024695,0.0014648918295279145,0.0023566638119518757,0.1131465648813991,True,True,0.25820082426071167
refs_v3,id_13_seed46342725.png,13,True,0.5124926879009527,0.3536473102189403,0.13272132345068405,0.025340259075164795,0.0006528258381877095,0.10882343768960549,False,False,
refs_v3,id_13_seed47040666.png,13,True,0.49430112992215675,0.40572327917277695,0.17635563694025608,0.0012477391865104437,0.0011231591051910073,0.1138313264388627,False,False,
refs_v3,id_13_seed49039091.png,13,True,0.49912067885199196,0.409023062225899,0.16359802947631516,0.00158534140791744,0.0039747715927660465,0.10248447703543793,False,False,
refs_v3,id_14_seed46786993.png,14,True,0.5055966079150238,0.42488653760171646,0.17786468082677878,0.0009492316166870296,0.007252618437632918,0.11638011725738845,True,True,0.10222479701042175
refs_v3,id_14_seed48785418.png,14,True,0.48670164580727615,0.4266731441382115,0.14645045950333432,0.0018088381038978696,0.0018427875766064972,0.1081629158643849,True,True,0.04509712755680084
refs_v3,id_14_seed49483359.png,14,True,0.46826024193955706,0.3786014782734232,0.2035033798243484,0.000980500946752727,0.00324307510163635,0.07328058436649999,True,True,0.1688033640384674
refs_v3,id_15_seed41945177.png,15,True,0.5118886853398038,0.4405093529553126,0.14288877000933037,0.0010213319910690188,0.0040265502175316215,0.09421706880415474,True,True,0.09801800549030304
refs_v3,id_15_seed47011246.png,15,True,0.49971277140688675,0.3976196879702982,0.19391530983611832,0.0005896287620998919,0.002526761789340526,0.12322012659864544,True,True,0.08574241399765015
refs_v3,id_15_seed49498368.png,15,True,0.5049263742384978,0.3795269772348404,0.16247444125602784,0.0015077415155246854,0.001204479718580842,0.10569302312521654,True,True,0.07365848124027252
refs_v3,id_16_seed47642905.png,16,True,0.49675457223282227,0.42062979021340574,0.14173705613731563,0.0015186656964942813,0.0016049466212280095,0.10032271193372924,True,True,0.13498201966285706
refs_v3,id_16_seed50012608.png,16,True,0.49332419485956747,0.42129231459666305,0.14044973589533927,0.0015074608381837606,0.0022125892573967576,0.09414683124358803,True,True,0.1285581737756729
refs_v3,id_16_seed50089714.png,16,True,0.45788460687243593,0.4054639554996051,0.1481379840016453,0.0016909511759877205,0.00109493950731121,0.09731195425047613,True,True,0.06217984855175018
refs_v3,id_17_seed41964046.png,17,True,0.47344083805296616,0.42683274581844355,0.14702566099912232,0.0011777353938668966,0.005986835923977196,0.0793151604908379,True,True,0.08972227573394775
refs_v3,id_17_seed43962471.png,17,True,0.5069889472514364,0.3837122558252866,0.17194353008362354,0.001210916554555297,0.0008309649565489963,0.08238085965772403,True,True,0.1300867795944214
refs_v3,id_17_seed44660412.png,17,True,0.44909417704910004,0.3410999002461567,0.18715865777192647,0.0036855849903076887,0.021891959011554718,0.030181856425549276,True,True,0.555042564868927
refs_v3,id_18_seed41532765.png,18,True,0.5082265104427193,0.40358335859468836,0.15132222424477162,0.001786261796951294,0.0014325935626402497,0.11443901601062123,True,True,0.1872728019952774
refs_v3,id_18_seed48836399.png,18,True,0.4884632500195933,0.38561310647527647,0.18245605908070697,0.0010888541582971811,0.0028194724582135677,0.11610221945487326,False,True,
refs_v3,id_18_seed49534340.png,18,True,0.4989378510154226,0.43613584100205355,0.16001007958172717,0.00034745244192890823,0.008179238648153841,0.10239996811290006,True,True,0.17685729265213013
refs_v3,id_19_seed45202955.png,19,True,0.504574107066714,0.41710183412265905,0.14646759387082647,0.00365108298137784,0.0010849895916180685,0.06933788067067982,True,False,
refs_v3,id_19_seed47201380.png,19,True,0.5119695008532914,0.46136691280016706,0.1496358480107989,0.0008374524768441916,0.003522993647493422,0.10423340213882856,True,False,
refs_v3,id_19_seed49688502.png,19,True,0.5211393930484965,0.4270995174494505,0.18139878017190436,0.0007390924729406834,0.005046497564762831,0.10362764794709853,False,False,
