i,lpips,bnorm,bnorm_expr,bnorm_eye,head_norm,arcface_cos,render_bs_valid,driving_bs_valid,render_yaw,render_pitch,render_roll
0,0.18931210041046143,1.044786810874939,1.0260361433029175,0.19705183804035187,1.020521640777588,0.2972477972507477,True,False,-0.034684181213378906,0.20919938385486603,-0.2316596657037735
1,0.17717674374580383,1.0527459383010864,1.034766674041748,0.19373200833797455,0.8061662316322327,0.3966466188430786,True,False,0.07338607311248779,0.12445150315761566,-0.07798482477664948
2,0.17795473337173462,1.0613229274749756,1.0439296960830688,0.19135570526123047,0.8043908476829529,0.4523440897464752,True,False,0.08394312113523483,0.1295291781425476,-0.07600975781679153
3,0.17257291078567505,1.069096326828003,1.0530308485031128,0.18464283645153046,0.8037359714508057,0.4684995412826538,True,False,0.08648315072059631,0.13376744091510773,-0.08001333475112915
4,0.17394733428955078,1.104529619216919,1.0896958112716675,0.18041199445724487,0.8085553646087646,0.4599396586418152,True,False,0.08128578960895538,0.12651784718036652,-0.07169858366250992
5,0.16803401708602905,1.1657119989395142,1.1523298025131226,0.1761268973350525,0.8131891489028931,0.4706002175807953,True,False,0.08109071105718613,0.1174902692437172,-0.06943082064390182
6,0.1679602712392807,1.2338597774505615,1.2211995124816895,0.17629988491535187,0.8179649114608765,0.44180458784103394,True,False,0.0762191042304039,0.13305199146270752,-0.06760615855455399
7,0.16591951251029968,1.2458691596984863,1.2333145141601562,0.1764233261346817,0.8224867582321167,0.4645487070083618,True,False,0.0823899582028389,0.12037723511457443,-0.06922396272420883
8,0.1648288518190384,1.2069624662399292,1.1940664052963257,0.17596465349197388,0.822074294090271,0.4571627676486969,True,False,0.07985629886388779,0.12522616982460022,-0.06562191247940063
9,0.1614643782377243,1.1915640830993652,1.1798557043075562,0.16663052141666412,0.817692756652832,0.4574194550514221,True,False,0.07623058557510376,0.12289746105670929,-0.06606403738260269
10,0.16000212728977203,1.1938011646270752,1.1821056604385376,0.166695699095726,0.8171797394752502,0.4605393409729004,True,False,0.0827067419886589,0.1303367167711258,-0.06739078462123871
11,0.1549711972475052,1.1931397914886475,1.1817179918289185,0.16469688713550568,0.8185191750526428,0.4683835506439209,True,False,0.08460307121276855,0.12558585405349731,-0.0740855410695076
12,0.1567857265472412,1.1672543287277222,1.1559796333312988,0.16184565424919128,0.8190849423408508,0.46060582995414734,True,False,0.08385719358921051,0.13109971582889557,-0.06983932107686996
13,0.15475836396217346,1.160417079925537,1.1483343839645386,0.1670200675725937,0.8187732696533203,0.4675210416316986,True,False,0.0818912461400032,0.13184227049350739,-0.06835976988077164
14,0.1541391909122467,1.1743122339248657,1.1576976776123047,0.19683855772018433,0.8194885849952698,0.466168075799942,True,False,0.08131963759660721,0.13255544006824493,-0.06622471660375595
15,0.15086960792541504,1.2332295179367065,1.2106986045837402,0.23465725779533386,0.8248075246810913,0.4510100483894348,True,False,0.0800037831068039,0.13593704998493195,-0.06642474979162216
16,0.15002256631851196,1.2255092859268188,1.2052088975906372,0.22213606536388397,0.8306831121444702,0.44867032766342163,True,False,0.08240287005901337,0.13325093686580658,-0.06520730257034302
17,0.14909882843494415,1.2226887941360474,1.2024033069610596,0.22179833054542542,0.8287663459777832,0.45240816473960876,True,True,0.08368197083473206,0.13002635538578033,-0.06520239263772964
18,0.14842654764652252,1.2204874753952026,1.2004574537277222,0.22020825743675232,0.8275917768478394,0.4429992437362671,True,True,0.08442067354917526,0.12794047594070435,-0.06476569175720215
19,0.14731568098068237,1.2069984674453735,1.1869457960128784,0.2191004604101181,0.8248541951179504,0.43866950273513794,True,True,0.08541593700647354,0.12615926563739777,-0.06587627530097961
20,0.1466648280620575,1.212130069732666,1.1920957565307617,0.21946996450424194,0.8206964731216431,0.4458951950073242,True,True,0.0862656831741333,0.12019036710262299,-0.06097955256700516
21,0.14441582560539246,1.215482234954834,1.1953294277191162,0.22042012214660645,0.8232797980308533,0.44764190912246704,True,True,0.08451327681541443,0.12402268499135971,-0.06003216281533241
22,0.1439957320690155,1.1471449136734009,1.1275063753128052,0.21135511994361877,0.8224471807479858,0.44938957691192627,True,True,0.08712352067232132,0.12416232377290726,-0.061329662799835205
23,0.1417936235666275,1.0270975828170776,1.0086137056350708,0.1939789056777954,0.8126357197761536,0.4441263973712921,True,True,0.0833543986082077,0.1312563270330429,-0.06236082315444946
24,0.14304907619953156,0.9743205308914185,0.9586578607559204,0.17399893701076508,0.811061441898346,0.45028746128082275,True,True,0.08676710724830627,0.12644042074680328,-0.05624254792928696
25,0.1414029598236084,0.9961588382720947,0.9816134572029114,0.1696091741323471,0.8134682774543762,0.45912984013557434,True,True,0.08656296879053116,0.12171660363674164,-0.05506182834506035
26,0.14109641313552856,1.0075137615203857,0.9921364784240723,0.17535457015037537,0.8142605423927307,0.4622470438480377,True,True,0.08770271390676498,0.12263301014900208,-0.05475382134318352
27,0.13963404297828674,1.0424237251281738,1.0263007879257202,0.18263040482997894,0.8213796615600586,0.46515634655952454,True,True,0.08293071389198303,0.12289060652256012,-0.05615752935409546
28,0.13971959054470062,1.0827761888504028,1.0653221607208252,0.193631112575531,0.8285444974899292,0.4653090834617615,True,True,0.08653197437524796,0.12175265699625015,-0.056031547486782074
29,0.138858824968338,1.0949543714523315,1.0770447254180908,0.19723039865493774,0.8280602097511292,0.4573437571525574,True,True,0.08733313530683517,0.12281892448663712,-0.0530707873404026
30,0.13856971263885498,1.0789613723754883,1.0618253946304321,0.19153235852718353,0.824942409992218,0.45931631326675415,True,True,0.08668903261423111,0.11991525441408157,-0.05369157716631889
31,0.1368928998708725,1.0659483671188354,1.049398422241211,0.18710722029209137,0.8210840225219727,0.4793422222137451,True,True,0.08411091566085815,0.12597955763339996,-0.05123881623148918
32,0.13806761801242828,1.068267583847046,1.0518529415130615,0.18655051290988922,0.8157843947410583,0.4853961765766144,True,True,0.0825810581445694,0.1148846223950386,-0.04998454451560974
33,0.13819077610969543,1.1138064861297607,1.0976214408874512,0.18918804824352264,0.8152540922164917,0.489032506942749,True,True,0.08313325047492981,0.11679388582706451,-0.04967208579182625
34,0.13859198987483978,1.0849950313568115,1.070996880531311,0.17372341454029083,0.8148560523986816,0.4851510524749756,True,True,0.08527686446905136,0.11993616074323654,-0.05082575976848602
35,0.13822439312934875,1.0748186111450195,1.0614897012710571,0.16874445974826813,0.801182210445404,0.4747238755226135,True,True,0.08618977665901184,0.11403218656778336,-0.048951636999845505
36,0.13762374222278595,0.9916694760322571,0.9763987064361572,0.17336119711399078,0.7825754880905151,0.4837256073951721,True,True,0.08454518765211105,0.11241427809000015,-0.04358326643705368
37,0.13603442907333374,1.0101946592330933,0.9947869181632996,0.17576195299625397,0.7543284893035889,0.483979731798172,True,True,0.08751241117715836,0.1253136545419693,-0.03749288246035576
38,0.1402246206998825,0.9860906004905701,0.9681956171989441,0.1870078444480896,0.7438563704490662,0.48735982179641724,True,True,0.09306690841913223,0.12433639913797379,-0.028022753074765205
39,0.14416494965553284,0.949927568435669,0.9313430190086365,0.18698237836360931,0.7379604578018188,0.4788503050804138,True,True,0.09938893467187881,0.12751320004463196,-0.018691718578338623
40,0.1566563993692398,0.941577672958374,0.9237251877784729,0.1824837625026703,0.7270243763923645,0.5217299461364746,True,True,0.10742564499378204,0.12321596592664719,0.003951472695916891
41,0.1650933176279068,0.9471759796142578,0.9267458319664001,0.19566446542739868,0.7148398160934448,0.4979889392852783,True,True,0.10744829475879669,0.13052819669246674,0.019975237548351288
42,0.16952203214168549,0.9482579827308655,0.9268044829368591,0.20056577026844025,0.7103133201599121,0.506533145904541,True,True,0.10947888344526291,0.12633273005485535,0.025413744151592255
43,0.17215953767299652,0.9502016305923462,0.9269905686378479,0.20873835682868958,0.7053695321083069,0.48006492853164673,True,True,0.10653522610664368,0.12777170538902283,0.03056751936674118
44,0.1769898533821106,0.9878392815589905,0.9599595069885254,0.23303267359733582,0.7123715281486511,0.5116826295852661,True,True,0.10506577044725418,0.1366949826478958,0.043835900723934174
45,0.17841437458992004,0.974255383014679,0.9444684386253357,0.23906677961349487,0.7298921942710876,0.5116448402404785,True,True,0.10425890982151031,0.13518506288528442,0.049259405583143234
46,0.18538638949394226,0.9651832580566406,0.9366182088851929,0.23307721316814423,0.72547847032547,0.5187709927558899,True,True,0.10095147788524628,0.13463130593299866,0.056456949561834335
47,0.18904119729995728,0.8999568819999695,0.8707232475280762,0.2275158017873764,0.7174874544143677,0.5080907940864563,True,True,0.10271917283535004,0.13759338855743408,0.06498520076274872
48,0.19829155504703522,0.8971239328384399,0.863869845867157,0.2419920712709427,0.7145204544067383,0.4934269189834595,True,True,0.11024296283721924,0.14130589365959167,0.08842024952173233
49,0.20658542215824127,0.9416108727455139,0.9088276028633118,0.2462993860244751,0.7069992423057556,0.485002338886261,True,True,0.11107403039932251,0.12785348296165466,0.10978714376688004
50,0.21175740659236908,0.9742801189422607,0.9412413835525513,0.25156792998313904,0.7026585936546326,0.47135698795318604,True,True,0.11071119457483292,0.12085481733083725,0.12002409249544144
51,0.2116592973470688,0.9753318428993225,0.9435859322547913,0.2468155026435852,0.6991315484046936,0.4919145703315735,True,True,0.11213771998882294,0.1257689893245697,0.12826749682426453
52,0.21255792677402496,0.9674016833305359,0.9393616318702698,0.23122645914554596,0.6888212561607361,0.4834713935852051,True,True,0.11278495192527771,0.12326715141534805,0.13251370191574097
53,0.2141593098640442,0.9886626601219177,0.9673182964324951,0.20432601869106293,0.6937499046325684,0.48848435282707214,True,True,0.11553704738616943,0.12611910700798035,0.1365339308977127
54,0.21647600829601288,1.152948021888733,1.1355030536651611,0.19980506598949432,0.6935680508613586,0.4809316396713257,True,True,0.1111367866396904,0.12314558029174805,0.1395580768585205
55,0.21450373530387878,1.3417384624481201,1.3273273706436157,0.1961231827735901,0.692605197429657,0.48729902505874634,True,True,0.1115027442574501,0.12825383245944977,0.14044620096683502
56,0.21523340046405792,1.494019627571106,1.4802554845809937,0.20233234763145447,0.6960987448692322,0.49130475521087646,True,True,0.10694156587123871,0.12474611401557922,0.14211927354335785
57,0.21569441258907318,1.7344892024993896,1.7212599515914917,0.21381475031375885,0.6987820863723755,0.48993241786956787,True,True,0.10356327146291733,0.1252996027469635,0.14427386224269867
58,0.2170628011226654,1.8878037929534912,1.8781158924102783,0.19100730121135712,0.7040978074073792,0.4890984296798706,True,True,0.09743654727935791,0.11545544862747192,0.1478949636220932
59,0.21515417098999023,1.9866528511047363,1.9797226190567017,0.1657959669828415,0.7061471343040466,0.496112197637558,True,True,0.08901318907737732,0.11838123947381973,0.15022028982639313
60,0.21587637066841125,2.036165237426758,2.029395341873169,0.1658993363380432,0.7058092355728149,0.5061097145080566,True,True,0.0895981639623642,0.11832720041275024,0.15358486771583557
61,0.21305279433727264,2.121476411819458,2.1166880130767822,0.1424565464258194,0.7138131856918335,0.4986151456832886,True,True,0.08670637011528015,0.11709734052419662,0.14895230531692505
62,0.21087051928043365,2.1525423526763916,2.1492412090301514,0.11916688084602356,0.7173958420753479,0.4924783706665039,True,True,0.08101601898670197,0.12153856456279755,0.14378444850444794
63,0.2050498127937317,2.191877841949463,2.188627004623413,0.11933306604623795,0.7126151919364929,0.5153678059577942,True,True,0.08091843128204346,0.12398097664117813,0.1365363746881485
64,0.201522096991539,2.2096688747406006,2.2063894271850586,0.12033949047327042,0.7070897817611694,0.5379799604415894,True,True,0.07278893142938614,0.12926186621189117,0.12929052114486694
65,0.19910454750061035,2.2144041061401367,2.211392402648926,0.11545798182487488,0.700221061706543,0.5456382036209106,True,True,0.07131229341030121,0.12913447618484497,0.12520469725131989
66,0.19757410883903503,2.1950674057006836,2.1919827461242676,0.1163303479552269,0.6998413801193237,0.5377252101898193,True,True,0.06901129335165024,0.12725187838077545,0.1228337287902832
67,0.1955321580171585,2.1924407482147217,2.188960075378418,0.12349050492048264,0.7007013559341431,0.5300986170768738,True,True,0.07113192975521088,0.12902164459228516,0.12353037297725677
68,0.1969192773103714,2.20170521736145,2.198173761367798,0.12465198338031769,0.6873546242713928,0.5403845310211182,True,True,0.0727190300822258,0.12651078402996063,0.12212277203798294
69,0.19790011644363403,2.192908525466919,2.188518524169922,0.1386907547712326,0.6856111288070679,0.5444162487983704,True,True,0.07155532389879227,0.12731248140335083,0.12604176998138428
70,0.19845470786094666,2.16465425491333,2.159038782119751,0.1558166891336441,0.6752408742904663,0.536088228225708,True,True,0.07069894671440125,0.11669214069843292,0.12740670144557953
71,0.19796395301818848,2.20417857170105,2.1987340450286865,0.1548272669315338,0.6740275025367737,0.534633994102478,True,True,0.07067114859819412,0.11861319094896317,0.12639404833316803
72,0.19792358577251434,2.226590633392334,2.2195401191711426,0.17705413699150085,0.6822154521942139,0.5419901609420776,True,True,0.06599729508161545,0.11923351883888245,0.12684382498264313
73,0.19721710681915283,2.3908541202545166,2.3861658573150635,0.14964914321899414,0.6871160864830017,0.5401508808135986,True,True,0.06497706472873688,0.12032467126846313,0.12538903951644897
74,0.19640791416168213,2.287916421890259,2.2803473472595215,0.18595141172409058,0.6890337467193604,0.5421295762062073,True,True,0.06280498206615448,0.12124162912368774,0.12534329295158386
75,0.19532674551010132,2.191965341567993,2.1833155155181885,0.19453980028629303,0.6838725209236145,0.5406760573387146,True,True,0.0606800802052021,0.11626191437244415,0.124579057097435
76,0.19747833907604218,2.132638454437256,2.1237194538116455,0.19484175741672516,0.7003236413002014,0.5308770537376404,True,True,0.059533894062042236,0.11987313628196716,0.12586261332035065
77,0.19762077927589417,2.1222712993621826,2.1131834983825684,0.19619153439998627,0.7033404111862183,0.525922417640686,True,True,0.060272105038166046,0.12019257992506027,0.1252964437007904
78,0.198964923620224,2.125302791595459,2.1163198947906494,0.195196732878685,0.6751717925071716,0.5364199280738831,True,True,0.06429090350866318,0.11668921262025833,0.13146765530109406
79,0.20176637172698975,2.1581342220306396,2.1484873294830322,0.20382530987262726,0.6462862491607666,0.5282241106033325,True,True,0.07103735953569412,0.11657372117042542,0.13509152829647064
80,0.20261023938655853,2.11672043800354,2.1053600311279297,0.21900761127471924,0.628868579864502,0.537438154220581,True,True,0.08026064932346344,0.10991455614566803,0.14074653387069702
81,0.2051590234041214,2.049079656600952,2.03688645362854,0.22320446372032166,0.6012841463088989,0.5442367792129517,True,True,0.09494464844465256,0.10608159005641937,0.14165598154067993
82,0.20508262515068054,2.054525136947632,2.04089093208313,0.23630020022392273,0.5851159691810608,0.5377019643783569,True,True,0.10123172402381897,0.10460449755191803,0.1387283056974411
83,0.2042679637670517,2.033292055130005,2.020174026489258,0.23059386014938354,0.5918146371841431,0.5470154285430908,True,True,0.10258995741605759,0.10713499784469604,0.13826948404312134
84,0.20400042831897736,2.02522611618042,2.012523651123047,0.2264717072248459,0.5998852252960205,0.5460665225982666,True,True,0.1033005341887474,0.10957225412130356,0.13812540471553802
85,0.20306812226772308,2.09450364112854,2.0848379135131836,0.20098745822906494,0.5912066102027893,0.5489364266395569,True,True,0.10102993994951248,0.11080484092235565,0.13828299939632416
86,0.2040044069290161,2.102966070175171,2.094104051589966,0.1928575336933136,0.584011971950531,0.5509679317474365,True,True,0.09546350687742233,0.1056414470076561,0.14032559096813202
87,0.20294107496738434,2.068591594696045,2.0583980083465576,0.205108180642128,0.585774838924408,0.5489058494567871,True,True,0.09236226230859756,0.11282092332839966,0.13893307745456696
88,0.19943955540657043,2.078482151031494,2.067138195037842,0.21685869991779327,0.6125877499580383,0.5663027763366699,True,True,0.08142585307359695,0.1115926057100296,0.1379477083683014
89,0.1959279328584671,2.086503267288208,2.0754852294921875,0.21414265036582947,0.6244596838951111,0.5634101033210754,True,True,0.06723208725452423,0.1148749366402626,0.1283685564994812
90,0.191880464553833,2.0833516120910645,2.0733349323272705,0.20404958724975586,0.628311276435852,0.5813066363334656,True,True,0.05970387905836105,0.11705155670642853,0.12447834014892578
91,0.1873132884502411,2.096713066101074,2.0874853134155273,0.19649699330329895,0.6348373889923096,0.577836275100708,True,True,0.05379100888967514,0.10419334471225739,0.11555709689855576
92,0.18473458290100098,2.1079983711242676,2.099290132522583,0.19141148030757904,0.6408472061157227,0.5764158964157104,True,True,0.05079211667180061,0.10665498673915863,0.10882318764925003
93,0.17956741154193878,2.078505754470825,2.069373607635498,0.19462838768959045,0.6493946313858032,0.5675530433654785,True,True,0.047517336905002594,0.10308743268251419,0.10398576408624649
94,0.1759795993566513,2.057652473449707,2.047863006591797,0.20047421753406525,0.6583202481269836,0.5769457817077637,True,True,0.040237367153167725,0.09776436537504196,0.09732913970947266
95,0.17005670070648193,2.1215856075286865,2.1123592853546143,0.19764679670333862,0.6570872664451599,0.5943602323532104,True,True,0.033106859773397446,0.0992400199174881,0.08330164104700089
96,0.16382582485675812,2.167224884033203,2.158510208129883,0.19415642321109772,0.6425030827522278,0.6204983592033386,True,True,0.027374006807804108,0.10312074422836304,0.07390238344669342
97,0.1550627499818802,2.1570212841033936,2.1496639251708984,0.1780051440000534,0.6404370069503784,0.6382767558097839,True,True,0.02483084611594677,0.10473582148551941,0.06204649433493614
98,0.14821532368659973,2.114163398742676,2.107036590576172,0.17344576120376587,0.6219996213912964,0.6490186452865601,True,True,0.03235587850213051,0.10433204472064972,0.05240704119205475
99,0.14327184855937958,2.1077523231506348,2.1001274585723877,0.17912264168262482,0.6182271838188171,0.6540400385856628,True,True,0.038858942687511444,0.10601484775543213,0.04742375761270523
100,0.14603263139724731,1.9674897193908691,1.9589426517486572,0.18319249153137207,0.5980471968650818,0.6507089138031006,True,True,0.04436231777071953,0.09616583585739136,0.04894673451781273
101,0.1822594702243805,1.8897852897644043,1.876951813697815,0.21986407041549683,0.5393916964530945,0.6456130743026733,True,True,0.05932048335671425,0.09396717697381973,0.11975444108247757
102,0.20957045257091522,1.986958384513855,1.9756122827529907,0.21203772723674774,0.5298671126365662,0.6165503263473511,True,True,0.05748983472585678,0.06362702697515488,0.17631681263446808
103,0.23814040422439575,1.8522316217422485,1.8144131898880005,0.3723789155483246,0.43912652134895325,0.5700250267982483,True,True,0.13995300233364105,0.05143063887953758,0.21225640177726746
104,0.25326457619667053,1.4259449243545532,1.3928027153015137,0.30564644932746887,0.4365663528442383,0.5816917419433594,True,True,0.15186196565628052,0.03785613924264908,0.23975344002246857
105,0.27158209681510925,1.2135517597198486,1.168251633644104,0.32847487926483154,0.4149830639362335,0.5964083671569824,True,True,0.15859059989452362,0.015459838323295116,0.28792092204093933
106,0.2969367504119873,1.152071475982666,1.087716817855835,0.3796584904193878,0.36110687255859375,0.5388520956039429,True,True,0.18470154702663422,-0.025590233504772186,0.3672918975353241
107,0.3066396117210388,0.8811746835708618,0.8166114091873169,0.3310810923576355,0.3745657205581665,0.5416741967201233,True,True,0.19195638597011566,-0.027808936312794685,0.3973059058189392
108,0.31344282627105713,0.7512027621269226,0.6760793328285217,0.3274482786655426,0.3802281618118286,0.523415744304657,True,True,0.19609156250953674,-0.043474484235048294,0.41576915979385376
109,0.3146691918373108,0.8183361291885376,0.7502403855323792,0.3268231451511383,0.3634034991264343,0.4956643283367157,True,True,0.20463606715202332,-0.060771603137254715,0.4216236472129822
110,0.3207055926322937,1.0096468925476074,0.913061261177063,0.4309360980987549,0.27494528889656067,0.48125413060188293,True,True,0.25036850571632385,-0.11016269773244858,0.430401086807251
111,0.3232634961605072,0.44435828924179077,0.4397585988044739,0.06377053260803223,0.0937507227063179,0.3982768654823303,True,True,0.317209392786026,-0.1904582977294922,0.43504682183265686
112,0.3268541395664215,0.4912230372428894,0.4893491566181183,0.042865362018346786,0.10150667279958725,0.40273264050483704,True,True,0.34480345249176025,-0.17747478187084198,0.43054914474487305
113,0.3271923065185547,0.4729011356830597,0.470785528421402,0.04468170925974846,0.10573798418045044,0.4064779281616211,True,True,0.3651570975780487,-0.19220644235610962,0.4357873797416687
114,0.3315393626689911,0.5202885866165161,0.51788729429245,0.04992929846048355,0.1132495328783989,0.4158540368080139,True,True,0.3646030128002167,-0.19429345428943634,0.44203823804855347
115,0.3310557007789612,0.5026044249534607,0.5001012682914734,0.050099194049835205,0.11482042819261551,0.43397969007492065,True,True,0.3694092333316803,-0.20431238412857056,0.44022607803344727
116,0.3316881060600281,0.5183650255203247,0.5154736638069153,0.05467380955815315,0.121573306620121,0.45186394453048706,True,True,0.3744463622570038,-0.2018246352672577,0.44181299209594727
117,0.33418044447898865,0.5258361101150513,0.5255374312400818,0.017718970775604248,0.12564140558242798,0.44643735885620117,True,True,0.37758153676986694,-0.21042770147323608,0.44530704617500305
118,0.33527418971061707,0.5147379040718079,0.5128147602081299,0.04445381090044975,0.12210956960916519,0.44170618057250977,True,True,0.3855614960193634,-0.21735137701034546,0.44902390241622925
119,0.3347707986831665,0.4972006380558014,0.4955069124698639,0.04100450873374939,0.11066188663244247,0.4215850234031677,True,True,0.3983341157436371,-0.22385801374912262,0.44756126403808594
120,0.3339076638221741,0.5190605521202087,0.5189824104309082,0.009006123058497906,0.09717466682195663,0.40891990065574646,True,True,0.38790714740753174,-0.23851515352725983,0.45257145166397095
121,0.3349958658218384,0.5279399156570435,0.5252337455749512,0.05338617041707039,0.102296382188797,0.3856344223022461,True,True,0.3872302174568176,-0.2558116912841797,0.4574280083179474
122,0.33597972989082336,0.5319681763648987,0.5252036452293396,0.08456537127494812,0.10550650209188461,0.40282490849494934,True,True,0.39171141386032104,-0.24727028608322144,0.4649443030357361
123,0.33753371238708496,0.5417901873588562,0.532418429851532,0.10033552348613739,0.12090417742729187,0.4082080125808716,True,True,0.3795813322067261,-0.2594658434391022,0.4725191593170166
124,0.3408277630805969,0.5339868068695068,0.5274643898010254,0.08320613950490952,0.1542326807975769,0.33371713757514954,True,True,0.39967912435531616,-0.30920201539993286,0.5186954736709595
125,0.3457832932472229,0.5412762761116028,0.5307407975196838,0.10627431422472,0.2051510363817215,0.30044010281562805,True,True,0.41255345940589905,-0.3215551972389221,0.5429607629776001
126,0.35291600227355957,0.5353763103485107,0.5269498229026794,0.09461323171854019,0.22892755270004272,0.33084020018577576,True,True,0.4276616871356964,-0.35501161217689514,0.5749588012695312
127,0.3523542582988739,0.5286769270896912,0.5140004754066467,0.12370450049638748,0.23497185111045837,0.2840231657028198,True,True,0.40819618105888367,-0.366851270198822,0.6015539169311523
128,0.3548682928085327,0.5248221755027771,0.5111705660820007,0.11892441660165787,0.24108795821666718,0.2889566421508789,True,True,0.40628090500831604,-0.39531755447387695,0.6085631847381592
129,0.35541439056396484,0.4924476742744446,0.48746156692504883,0.06989945471286774,0.2624744176864624,0.2927199602127075,True,True,0.4145670533180237,-0.41064465045928955,0.6192818284034729
130,0.357078492641449,0.47904136776924133,0.4769803285598755,0.04438916966319084,0.27980878949165344,0.28405672311782837,True,True,0.4278942346572876,-0.4116966724395752,0.6277244091033936
131,0.35542696714401245,0.48486414551734924,0.4846770465373993,0.013468185439705849,0.28232541680336,0.26825466752052307,True,True,0.41712358593940735,-0.4234727621078491,0.6219823360443115
132,0.3563907742500305,0.512843668460846,0.5106412172317505,0.04747750982642174,0.30082112550735474,0.26506492495536804,True,True,0.4089536964893341,-0.4128910303115845,0.6397898197174072
133,0.3629237115383148,0.586347758769989,0.5238540768623352,0.2634020745754242,0.561413049697876,0.21922369301319122,True,True,0.4273139536380768,-0.41096070408821106,0.68880295753479
134,0.3614360988140106,0.6069231629371643,0.5411108732223511,0.2748721241950989,0.3160206079483032,0.22918692231178284,True,True,0.42615973949432373,-0.40211278200149536,0.6614511013031006
135,0.3598787486553192,0.6115958094596863,0.5508607029914856,0.26571035385131836,0.3103730082511902,0.2153470665216446,True,True,0.4248436391353607,-0.4296572804450989,0.6655440330505371
136,0.3591335415840149,0.5803850889205933,0.5220794081687927,0.2535349428653717,0.29996952414512634,0.21530857682228088,True,True,0.4184775948524475,-0.43111979961395264,0.6624773144721985
137,0.3586280941963196,0.5890305042266846,0.530106782913208,0.25679516792297363,0.2862221300601959,0.22813040018081665,True,True,0.4235979914665222,-0.42627429962158203,0.6645061373710632
138,0.3590899407863617,0.6226300001144409,0.5636242032051086,0.26456740498542786,0.2774825096130371,0.2344324290752411,True,True,0.4192723333835602,-0.42320892214775085,0.659024715423584
139,0.3568490147590637,0.6201521754264832,0.5627800822257996,0.26051342487335205,0.2737743556499481,0.2493448257446289,True,True,0.4158250689506531,-0.42975884675979614,0.6535982489585876
140,0.35688406229019165,0.6487182974815369,0.5905938744544983,0.2683921456336975,0.2699548602104187,0.22491046786308289,True,True,0.41339632868766785,-0.42956238985061646,0.654140830039978
141,0.35783851146698,0.653531014919281,0.6031907200813293,0.25152289867401123,0.27060768008232117,0.23320218920707703,True,True,0.4129827916622162,-0.4297941029071808,0.6501575112342834
142,0.3578293025493622,0.6590728163719177,0.6088924407958984,0.2522439658641815,0.26373690366744995,0.23884844779968262,True,True,0.4132922887802124,-0.4277499318122864,0.6500453948974609
143,0.35739755630493164,0.5992052555084229,0.5676278471946716,0.19195204973220825,0.2584148943424225,0.23131950199604034,True,True,0.41588094830513,-0.4315461814403534,0.652403712272644
144,0.3568941354751587,0.5879562497138977,0.5618172883987427,0.17336055636405945,0.2674490213394165,0.23429198563098907,True,True,0.4139539897441864,-0.43896064162254333,0.6402928829193115
145,0.3569909930229187,0.7719878554344177,0.690534234046936,0.3451487720012665,0.27129465341567993,0.2384103536605835,True,True,0.4184366464614868,-0.4404659867286682,0.6434831619262695
146,0.3571275472640991,0.7478511929512024,0.6582368612289429,0.3549727201461792,0.28225159645080566,0.24875544011592865,True,True,0.42693209648132324,-0.44880810379981995,0.6478610634803772
147,0.3553270399570465,0.6804109215736389,0.6033043265342712,0.31461551785469055,0.29838550090789795,0.2555476427078247,True,True,0.4273895025253296,-0.4409509301185608,0.6415069103240967
148,0.3554852604866028,0.6556963324546814,0.589323878288269,0.28746306896209717,0.3052506148815155,0.2528379559516907,True,True,0.42479825019836426,-0.4500342607498169,0.650685727596283
149,0.35571053624153137,0.6762188076972961,0.6165351271629333,0.27777019143104553,0.3180340826511383,0.22668015956878662,True,True,0.44219741225242615,-0.45926952362060547,0.6360249519348145
150,0.3577055335044861,0.8393279910087585,0.7499066591262817,0.3769766390323639,0.33872994780540466,0.22403262555599213,True,True,0.4643633961677551,-0.4550425410270691,0.6313391923904419
151,0.3563156723976135,0.7353818416595459,0.6731180548667908,0.29613932967185974,0.34994253516197205,0.19487878680229187,True,True,0.4792969524860382,-0.4541666805744171,0.6432421803474426
152,0.3590603470802307,0.7595129013061523,0.6939075589179993,0.30879148840904236,0.3597346842288971,0.2062656283378601,True,True,0.4756627082824707,-0.45905184745788574,0.6458554267883301
153,0.35852494835853577,0.7775958776473999,0.7107730507850647,0.315368115901947,0.36193642020225525,0.19858896732330322,True,True,0.4731053113937378,-0.46147093176841736,0.647281289100647
154,0.35850971937179565,0.7655100226402283,0.706641674041748,0.29438602924346924,0.36924776434898376,0.20652873814105988,True,True,0.47629106044769287,-0.4610203206539154,0.6417044997215271
155,0.35875481367111206,0.6957175135612488,0.6554085612297058,0.23337188363075256,0.38166162371635437,0.2057262510061264,True,True,0.48240646719932556,-0.4602980315685272,0.6432539224624634
156,0.3594977855682373,0.7131398320198059,0.6712837219238281,0.24072100222110748,0.38503387570381165,0.20459768176078796,True,True,0.482677698135376,-0.465908020734787,0.6464918851852417
157,0.3601454496383667,0.7233360409736633,0.6805935502052307,0.24496404826641083,0.39026644825935364,0.19992047548294067,True,True,0.48636433482170105,-0.4580738842487335,0.6461122632026672
158,0.3616630434989929,0.679498553276062,0.6479219198226929,0.2047327607870102,0.39422860741615295,0.19961878657341003,True,True,0.4898071587085724,-0.45007413625717163,0.6454819440841675
159,0.36132127046585083,0.6677660942077637,0.6407708525657654,0.187947615981102,0.39223331212997437,0.19639816880226135,True,True,0.49072369933128357,-0.450554221868515,0.6385261416435242
160,0.36048582196235657,0.6713293194770813,0.6480215787887573,0.175359845161438,0.3874216079711914,0.2060539275407791,True,True,0.46795913577079773,-0.4488540291786194,0.6359590291976929
161,0.3613160252571106,0.6643027067184448,0.6488991379737854,0.14222517609596252,0.38971513509750366,0.19896718859672546,True,True,0.4748772978782654,-0.45401719212532043,0.6386444568634033
162,0.36177438497543335,0.6345918774604797,0.6240549683570862,0.11516191065311432,0.3940134048461914,0.19871938228607178,True,True,0.47363972663879395,-0.4503241777420044,0.6339356899261475
163,0.36118781566619873,0.6763727068901062,0.6431283950805664,0.2094418704509735,0.3773830831050873,0.19793684780597687,True,True,0.4740498960018158,-0.4462360441684723,0.6376725435256958
164,0.361237496137619,0.6435939073562622,0.6188383102416992,0.17678309977054596,0.35513126850128174,0.19468635320663452,True,True,0.47365185618400574,-0.4486766457557678,0.6394015550613403
165,0.3615289330482483,0.6257428526878357,0.6110514402389526,0.13479721546173096,0.3517087399959564,0.2047170102596283,True,True,0.4735044538974762,-0.44239190220832825,0.638308048248291
166,0.3619158864021301,0.6051958799362183,0.598624050617218,0.08894559741020203,0.35965341329574585,0.19739991426467896,True,True,0.47811341285705566,-0.4438270330429077,0.6393092274665833
167,0.3614562153816223,0.5971396565437317,0.5897919535636902,0.09338714182376862,0.3649633228778839,0.199148491024971,True,True,0.4689246714115143,-0.44623833894729614,0.6381236910820007
168,0.36200186610221863,0.6070564389228821,0.5930829644203186,0.12949952483177185,0.3640349209308624,0.2002108097076416,True,True,0.476604700088501,-0.4569135904312134,0.6411291360855103
169,0.3611428737640381,0.6014590263366699,0.5877441763877869,0.1277095228433609,0.36559346318244934,0.19539570808410645,True,True,0.47355756163597107,-0.45974549651145935,0.6435571908950806
170,0.3616916537284851,0.5868625640869141,0.576996386051178,0.10715831816196442,0.3681713342666626,0.19716192781925201,True,True,0.4703757166862488,-0.454878568649292,0.6426372528076172
171,0.3609943091869354,0.5790250301361084,0.5713851451873779,0.09374978393316269,0.35972896218299866,0.2000826746225357,True,True,0.4703945517539978,-0.45572003722190857,0.6429342031478882
172,0.3607316017150879,0.5544370412826538,0.5513066053390503,0.05883404240012169,0.35256215929985046,0.20254820585250854,True,True,0.46685925126075745,-0.4664819538593292,0.6477046012878418
173,0.3601842224597931,0.5433683395385742,0.5385212302207947,0.07241550087928772,0.35051047801971436,0.20184211432933807,True,True,0.46624067425727844,-0.46296730637550354,0.6448045372962952
174,0.36027419567108154,0.5460641384124756,0.5362945795059204,0.10283048450946808,0.35034793615341187,0.19238701462745667,True,True,0.46682748198509216,-0.46760061383247375,0.6436834931373596
175,0.3593173623085022,0.5443091988563538,0.5384507179260254,0.07964488118886948,0.3562799096107483,0.18872767686843872,True,True,0.46476104855537415,-0.4641290605068207,0.6483925580978394
176,0.3599480092525482,0.544252872467041,0.5374603867530823,0.08571760356426239,0.3596040904521942,0.1924581229686737,True,True,0.4618340730667114,-0.4627872109413147,0.6496515870094299
177,0.36070719361305237,0.5733293294906616,0.5532262921333313,0.1504901647567749,0.3568795323371887,0.19422364234924316,True,True,0.46315187215805054,-0.4604282081127167,0.6487089395523071
178,0.36065083742141724,0.5539422631263733,0.539840042591095,0.12419650703668594,0.3496817648410797,0.19605129957199097,True,True,0.4620119333267212,-0.45887017250061035,0.6473035216331482
179,0.36025917530059814,0.5310794115066528,0.522327721118927,0.09601610153913498,0.33836010098457336,0.1941194236278534,True,True,0.4587205946445465,-0.4654834568500519,0.6493414640426636
180,0.3585827052593231,0.5070914626121521,0.5016556978225708,0.07404965907335281,0.32943031191825867,0.1951850950717926,True,True,0.4563489854335785,-0.4536099433898926,0.637283205986023
181,0.3591729402542114,0.5426843166351318,0.494753360748291,0.2229919284582138,0.3225254416465759,0.19433340430259705,True,True,0.45494672656059265,-0.45817315578460693,0.6422329545021057
182,0.35803288221359253,0.7279853820800781,0.6349566578865051,0.356079638004303,0.28052204847335815,0.18972252309322357,True,True,0.4496827721595764,-0.46583113074302673,0.6350302696228027
183,0.3571290373802185,0.8644214272499084,0.7583498954772949,0.4148852527141571,0.2658567428588867,0.18529364466667175,True,True,0.44294121861457825,-0.46316754817962646,0.6419197916984558
184,0.35709285736083984,0.7862086892127991,0.7133127450942993,0.33061909675598145,0.2799100875854492,0.20547986030578613,True,True,0.43804383277893066,-0.48126187920570374,0.664405107498169
185,0.3583241403102875,0.762675940990448,0.6902381181716919,0.3244163393974304,0.3072316348552704,0.19384746253490448,True,True,0.4350925385951996,-0.48319149017333984,0.6688086986541748
186,0.35732370615005493,0.7163487076759338,0.6467331647872925,0.3080448508262634,0.3112558424472809,0.2104589194059372,True,True,0.42613863945007324,-0.48400071263313293,0.6745805144309998
187,0.3560979962348938,0.7588068842887878,0.674418568611145,0.34777501225471497,0.3094947934150696,0.2083311676979065,True,True,0.42583465576171875,-0.48631682991981506,0.6775974035263062
188,0.35683178901672363,0.7539703845977783,0.6719915866851807,0.3419044613838196,0.31397026777267456,0.22163261473178864,True,True,0.42185574769973755,-0.4875897467136383,0.6700201034545898
189,0.35720711946487427,0.7451793551445007,0.6688090562820435,0.32861340045928955,0.3150797188282013,0.2134087085723877,True,True,0.4276868999004364,-0.493863582611084,0.6700242757797241
190,0.35730093717575073,0.7225009799003601,0.6541642546653748,0.3067193329334259,0.3182353377342224,0.20917364954948425,True,True,0.4303421080112457,-0.4875098764896393,0.6706997156143188
191,0.35621461272239685,0.7081835865974426,0.6534532904624939,0.27298855781555176,0.3233207166194916,0.20907709002494812,True,True,0.4451855719089508,-0.47956037521362305,0.6648957133293152
192,0.35664400458335876,0.7011420726776123,0.6497599482536316,0.2634620666503906,0.32855579257011414,0.21143582463264465,True,True,0.4464985430240631,-0.4791899025440216,0.670512318611145
193,0.3565714657306671,0.6931889057159424,0.6439869403839111,0.256498783826828,0.33458411693573,0.1976402997970581,True,True,0.4440303444862366,-0.47730717062950134,0.6722241044044495
194,0.3562451899051666,0.6930323839187622,0.644116222858429,0.25575020909309387,0.34399130940437317,0.20363593101501465,True,True,0.4425899386405945,-0.4764472544193268,0.6706652641296387
195,0.35552775859832764,0.70609450340271,0.6563192009925842,0.260412335395813,0.3471164107322693,0.202018141746521,True,False,0.43143847584724426,-0.4784308671951294,0.6668180823326111
196,0.35490038990974426,0.7182864546775818,0.6737034916877747,0.24911653995513916,0.3466064929962158,0.19784308969974518,True,True,0.437974214553833,-0.4634930193424225,0.6704041957855225
197,0.35589703917503357,0.7178633213043213,0.676179826259613,0.2410571575164795,0.3501291871070862,0.19661195576190948,True,True,0.4445091485977173,-0.4685053825378418,0.6643788814544678
198,0.35508033633232117,0.7431842088699341,0.7005497813224792,0.24809813499450684,0.3607228994369507,0.20173323154449463,True,False,0.4353892505168915,-0.4696614444255829,0.6612268686294556
199,0.35395920276641846,0.8059327006340027,0.7545480132102966,0.28316906094551086,0.36414921283721924,0.20276038348674774,True,True,0.43047747015953064,-0.4684036672115326,0.6601448655128479
200,0.3526681959629059,0.7963178157806396,0.7532436847686768,0.25835248827934265,0.3573831617832184,0.19900718331336975,True,False,0.41878724098205566,-0.4615233242511749,0.6676069498062134
201,0.35308027267456055,0.7957494258880615,0.7504915595054626,0.26453644037246704,0.3476276993751526,0.2026064097881317,True,True,0.4156760573387146,-0.4592435956001282,0.6621599793434143
202,0.3514876067638397,0.7970935106277466,0.7530100345611572,0.26140767335891724,0.34734246134757996,0.20862343907356262,True,False,0.4237692058086395,-0.4645419120788574,0.6611146330833435
203,0.3504633605480194,0.7970391511917114,0.7484849691390991,0.273937463760376,0.34780919551849365,0.20155346393585205,True,False,0.4256553053855896,-0.45975446701049805,0.6555008888244629
204,0.3520261347293854,0.798003077507019,0.7499910593032837,0.2726212441921234,0.34462854266166687,0.19308435916900635,True,True,0.4249225854873657,-0.4584318697452545,0.6499825119972229
205,0.35160019993782043,0.7844783067703247,0.7341897487640381,0.27635425329208374,0.33995968103408813,0.18041393160820007,True,True,0.4446161985397339,-0.4570779800415039,0.6494950652122498
206,0.3509264588356018,0.7054762840270996,0.6647849082946777,0.236130952835083,0.3251441419124603,0.19955140352249146,True,True,0.4318646788597107,-0.47227567434310913,0.6530513763427734
207,0.3521064817905426,0.699306309223175,0.6593843698501587,0.23289816081523895,0.31557291746139526,0.21471385657787323,True,True,0.4517133831977844,-0.47575610876083374,0.659388542175293
208,0.3540399670600891,0.6979827880859375,0.6371319890022278,0.28503119945526123,0.37153899669647217,0.2633621096611023,True,True,0.45939967036247253,-0.4707094132900238,0.6395198106765747
209,0.3567894399166107,0.7802712321281433,0.6930891275405884,0.3584001064300537,0.3687829375267029,0.23981094360351562,True,False,0.49199897050857544,-0.4967723488807678,0.6532390117645264
210,0.3578672409057617,0.9832717776298523,0.8661260008811951,0.4654558598995209,0.40151673555374146,0.17415276169776917,True,False,0.5474885106086731,-0.49307548999786377,0.659175455570221
211,0.36049243807792664,0.8471114635467529,0.76735919713974,0.35882827639579773,0.42198649048805237,0.13906732201576233,True,True,0.6442784070968628,-0.53358393907547,0.7069305777549744
212,0.3627505600452423,0.7646944522857666,0.7199369072914124,0.25777602195739746,0.46967560052871704,0.09232545644044876,True,False,0.6526620388031006,-0.5348201990127563,0.7141025066375732
213,0.36497342586517334,0.7776635885238647,0.7379226088523865,0.24542003870010376,0.5021660327911377,0.09871411323547363,True,False,0.6920026540756226,-0.5741992592811584,0.7399999499320984
214,0.3656943738460541,0.8060719966888428,0.7659062743186951,0.2512761056423187,0.5269162058830261,0.11072757840156555,True,False,0.6536557078361511,-0.5744537115097046,0.7297677993774414
215,0.36571434140205383,0.7630894184112549,0.730445921421051,0.22080373764038086,0.5420459508895874,0.1088319718837738,True,False,0.6377490758895874,-0.5328324437141418,0.714684247970581
216,0.36670181155204773,0.701178252696991,0.6893138885498047,0.128441721200943,0.5533574819564819,0.08983884751796722,True,False,0.6471729278564453,-0.5591729283332825,0.7238208651542664
217,0.36770546436309814,0.7192316651344299,0.7062408924102783,0.13608050346374512,0.5615264773368835,0.08745864033699036,True,False,0.6427710652351379,-0.546839714050293,0.735443651676178
218,0.3665291965007782,0.7150300145149231,0.704590916633606,0.12173585593700409,0.5598186254501343,0.08781345188617706,True,False,0.6250429749488831,-0.5407073497772217,0.7507440447807312
219,0.36705324053764343,0.7129179835319519,0.7032093405723572,0.11725467443466187,0.5501400232315063,0.07878401130437851,True,False,0.6065752506256104,-0.5466055870056152,0.7642992734909058
220,0.36591553688049316,0.7066642045974731,0.6949459910392761,0.1281576156616211,0.530308723449707,0.09222830086946487,True,False,0.5931596755981445,-0.5355403423309326,0.7620604634284973
221,0.366554856300354,0.700147807598114,0.6896363496780396,0.12086624652147293,0.5067113637924194,0.06616418808698654,True,False,0.5758383274078369,-0.5417120456695557,0.7648003697395325
222,0.36871182918548584,0.7412098050117493,0.7313045263290405,0.12077102810144424,0.4988318979740143,0.07309039682149887,True,False,0.5634042024612427,-0.5622298717498779,0.7972182631492615
223,0.372728168964386,0.5877445340156555,0.565184473991394,0.16127635538578033,0.4258394241333008,0.10111182928085327,True,True,0.5244334936141968,-0.5656120181083679,0.8233770728111267
224,0.3719572424888611,0.5832007527351379,0.562898576259613,0.15253958106040955,0.4171990156173706,0.08468072861433029,True,False,0.4825592041015625,-0.560919463634491,0.7973077297210693
225,0.3734227120876312,0.5431532263755798,0.5395327806472778,0.06260844320058823,0.40740033984184265,0.0822615921497345,True,False,0.4817573130130768,-0.5693100690841675,0.7973974943161011
226,0.372020423412323,0.5347073078155518,0.5296385288238525,0.07345012575387955,0.394445538520813,0.05149844288825989,True,False,0.46858537197113037,-0.5601500272750854,0.7919819951057434
227,0.37200772762298584,0.5428950786590576,0.5282201170921326,0.12537355720996857,0.3708995282649994,0.039203815162181854,True,True,0.5028917789459229,-0.5618789792060852,0.7944468259811401
228,0.3722038269042969,0.5171892046928406,0.5061286091804504,0.10638831555843353,0.35419097542762756,0.03832243010401726,True,False,0.5060650706291199,-0.5676716566085815,0.7946445345878601
229,0.3702665865421295,0.5016021728515625,0.48992034792900085,0.10762365162372589,0.3340165317058563,0.05082879215478897,True,False,0.5182238817214966,-0.5865086913108826,0.8115083575248718
230,0.36974722146987915,0.5035369992256165,0.48648202419281006,0.1299414038658142,0.3214828670024872,0.055905744433403015,True,False,0.5100096464157104,-0.5813719034194946,0.7895487546920776
231,0.3707593083381653,0.5087522268295288,0.4921431839466095,0.12893371284008026,0.32139408588409424,0.044769372791051865,True,False,0.5260158777236938,-0.5888550281524658,0.7939521670341492
232,0.3702183961868286,0.49205705523490906,0.4836541712284088,0.09054702520370483,0.32867366075515747,0.055685676634311676,True,False,0.5180588364601135,-0.5854915976524353,0.7884896993637085
233,0.3702946603298187,0.5890253782272339,0.5367008447647095,0.24269962310791016,0.3318537175655365,0.04924424737691879,True,False,0.5141918659210205,-0.5854507088661194,0.7928076982498169
234,0.3695242702960968,0.7340545654296875,0.6422944068908691,0.35537874698638916,0.3325332999229431,0.055038925260305405,True,True,0.5071290731430054,-0.5929937362670898,0.7895292043685913
235,0.3696514070034027,0.7631040215492249,0.6651745438575745,0.3739927113056183,0.3364940583705902,0.05544527247548103,True,False,0.5026416778564453,-0.5888532400131226,0.7837952375411987
236,0.3701895475387573,0.7812836170196533,0.6785524487495422,0.38726043701171875,0.33630338311195374,0.04941607639193535,True,True,0.5226069688796997,-0.5829517245292664,0.7878056764602661
237,0.3704422116279602,0.7632182836532593,0.6660182476043701,0.37272223830223083,0.32360848784446716,0.05103227123618126,True,True,0.5607205033302307,-0.5861431956291199,0.7833467721939087
238,0.3709391951560974,0.5826705098152161,0.5303716659545898,0.2412692755460739,0.31970036029815674,0.0403011180460453,True,True,0.5496421456336975,-0.5882084965705872,0.7861437201499939
239,0.3690926730632782,0.5831059813499451,0.5310149192810059,0.24090607464313507,0.3187028467655182,0.04193615913391113,True,False,0.5471445918083191,-0.5842680335044861,0.7798231840133667
240,0.3675587773323059,0.7579739689826965,0.701293408870697,0.28759706020355225,0.4084790050983429,0.0787452831864357,True,True,0.4772692918777466,-0.5523879528045654,0.7592025399208069
241,0.3681209981441498,0.7508589625358582,0.6994644403457642,0.2730177342891693,0.41260239481925964,0.10980065166950226,True,True,0.48493874073028564,-0.5327703356742859,0.739582896232605
242,0.36566635966300964,0.6775414943695068,0.6500687599182129,0.19097940623760223,0.41113168001174927,0.11116205900907516,True,True,0.49248170852661133,-0.5454548597335815,0.7463646531105042
243,0.3626682758331299,0.6980891823768616,0.6681004166603088,0.2024114429950714,0.4090850055217743,0.11073079705238342,True,True,0.4776069223880768,-0.5256738066673279,0.72417813539505
244,0.360571950674057,0.6893886923789978,0.6771318912506104,0.1294185221195221,0.4089890122413635,0.11325620859861374,True,True,0.4557384252548218,-0.5305066704750061,0.7075786590576172
245,0.35968923568725586,0.7382985949516296,0.7304996252059937,0.10702840238809586,0.40522143244743347,0.11813876777887344,True,True,0.43783074617385864,-0.5014750361442566,0.6906824707984924
246,0.35626810789108276,0.779837965965271,0.7674981951713562,0.13818047940731049,0.3968048393726349,0.10518009960651398,True,True,0.4400308430194855,-0.4902893304824829,0.6854314804077148
247,0.35616573691368103,0.7888303995132446,0.7770749926567078,0.13567538559436798,0.39108192920684814,0.12589006125926971,True,True,0.42075446248054504,-0.4710938334465027,0.6498335599899292
248,0.3542531132698059,0.801041841506958,0.7903407216072083,0.1304973065853119,0.38696256279945374,0.11894954741001129,True,True,0.4370858371257782,-0.46494415402412415,0.6628904342651367
249,0.3542967438697815,0.8110453486442566,0.8025496602058411,0.1170838251709938,0.3905819356441498,0.10935640335083008,True,True,0.4510812759399414,-0.47085893154144287,0.6635621190071106
250,0.3584839999675751,0.8152138590812683,0.8117769956588745,0.07477795332670212,0.3929673135280609,0.15583431720733643,True,True,0.4556674659252167,-0.4762287437915802,0.6557574272155762
251,0.3541564643383026,0.8211830854415894,0.813423752784729,0.11262103915214539,0.39062681794166565,0.13823500275611877,True,True,0.4736658036708832,-0.4770602285861969,0.6461598873138428
252,0.3539528250694275,0.8381194472312927,0.8220245838165283,0.1634620726108551,0.3850521743297577,0.13800424337387085,True,True,0.4683109223842621,-0.47820016741752625,0.6371113657951355
253,0.35407841205596924,0.8361561894416809,0.8230401873588562,0.14751945436000824,0.37658053636550903,0.1469620019197464,True,True,0.46802908182144165,-0.4742646813392639,0.635202169418335
254,0.35450154542922974,0.8211178779602051,0.8112840056419373,0.12669974565505981,0.3721705973148346,0.15087905526161194,True,True,0.4716241955757141,-0.47364136576652527,0.6386494040489197
255,0.3536602258682251,0.817467212677002,0.8084535598754883,0.12105967104434967,0.367490291595459,0.14452329277992249,True,True,0.46868768334388733,-0.4680141508579254,0.6279404759407043
256,0.3546139597892761,0.8285143971443176,0.8176339268684387,0.13383159041404724,0.35976141691207886,0.1562492698431015,True,True,0.46711429953575134,-0.45767679810523987,0.6270076036453247
257,0.3543689548969269,0.8553619384765625,0.8377214074134827,0.17282064259052277,0.3533400595188141,0.16830198466777802,True,False,0.4680747389793396,-0.47006285190582275,0.6278437972068787
258,0.35511457920074463,0.8687284588813782,0.851024866104126,0.17448709905147552,0.3485708236694336,0.15701603889465332,True,False,0.46716049313545227,-0.4621557891368866,0.6218918561935425
259,0.35210129618644714,0.8744899034500122,0.8577795624732971,0.17013764381408691,0.34801074862480164,0.17142346501350403,True,False,0.47222796082496643,-0.46019262075424194,0.6217511892318726
260,0.351595938205719,0.8877310156822205,0.868500292301178,0.1837758719921112,0.34826838970184326,0.1600278913974762,True,False,0.4651722311973572,-0.4693986475467682,0.6115614771842957
261,0.3525839149951935,0.8878584504127502,0.8675953149795532,0.1886025071144104,0.349136084318161,0.1772008091211319,True,False,0.4667119085788727,-0.4636107385158539,0.6117750406265259
262,0.3541122078895569,0.8916382789611816,0.870039165019989,0.19506563246250153,0.3489132225513458,0.16031135618686676,True,False,0.47084808349609375,-0.4667223393917084,0.6100258827209473
263,0.353583961725235,0.8884662389755249,0.8664288520812988,0.19665515422821045,0.35033613443374634,0.18042650818824768,True,False,0.468184232711792,-0.46735498309135437,0.6105095148086548
264,0.35382330417633057,0.8852357864379883,0.8623279929161072,0.20008200407028198,0.35480397939682007,0.1895824521780014,True,False,0.4696754217147827,-0.47188496589660645,0.6058161854743958
265,0.3538416624069214,0.8604857325553894,0.8381722569465637,0.19468683004379272,0.35812222957611084,0.1833193600177765,True,False,0.469393789768219,-0.47232624888420105,0.6092548966407776
266,0.3561829626560211,0.7978208661079407,0.7796239256858826,0.16942456364631653,0.3664880096912384,0.19444438815116882,True,False,0.4691399931907654,-0.4689028561115265,0.6063985228538513
267,0.3560543656349182,0.7250385284423828,0.7085017561912537,0.15396803617477417,0.3765791058540344,0.19619542360305786,True,False,0.4772096574306488,-0.4771997630596161,0.6107792854309082
268,0.3586878776550293,0.6771063208580017,0.658719539642334,0.1567210555076599,0.39559492468833923,0.19704878330230713,True,False,0.5034306049346924,-0.4786701202392578,0.6336339116096497
269,0.35905811190605164,0.6894417405128479,0.6487724184989929,0.23329004645347595,0.4077548682689667,0.1900569051504135,True,True,0.5193360447883606,-0.48822715878486633,0.6454920172691345
270,0.36609315872192383,0.6514366269111633,0.6069889664649963,0.23650380969047546,0.42062994837760925,0.21484938263893127,True,False,0.5640431046485901,-0.4952639043331146,0.6521661281585693
271,0.368075966835022,0.7780139446258545,0.7027269005775452,0.33388692140579224,0.4346196949481964,0.1566331386566162,True,False,0.5888181328773499,-0.5663511753082275,0.7081494927406311
272,0.36835646629333496,0.8544231057167053,0.7816776037216187,0.3449913263320923,0.48152005672454834,0.14636459946632385,True,True,0.6672231554985046,-0.6327704191207886,0.7848294377326965
273,0.3683159351348877,0.7359717488288879,0.708554744720459,0.19900909066200256,0.5198171138763428,0.1500481516122818,True,False,0.647405743598938,-0.6348690390586853,0.7959211468696594
274,0.37149399518966675,0.7405532598495483,0.7206935286521912,0.170352503657341,0.5507200956344604,0.09499457478523254,True,False,0.6327417492866516,-0.6408730745315552,0.8165959119796753
275,0.369795024394989,0.7259963750839233,0.710997462272644,0.14681023359298706,0.5761489868164062,0.10039350390434265,True,False,0.6300995349884033,-0.6311222314834595,0.819061279296875
276,0.37001311779022217,0.7591390609741211,0.7347421646118164,0.19090835750102997,0.5951274633407593,0.08341291546821594,True,False,0.6210866570472717,-0.6298282146453857,0.8102940320968628
277,0.3699095547199249,0.7344145178794861,0.7177357077598572,0.1556275337934494,0.5991005897521973,0.07689397037029266,True,False,0.6290895938873291,-0.6386488080024719,0.8251296281814575
278,0.3711490333080292,0.7049781084060669,0.6965132355690002,0.10891933739185333,0.5987361073493958,0.06350453943014145,True,True,0.6261529326438904,-0.6352327466011047,0.8161242008209229
279,0.36725282669067383,0.6913323402404785,0.6829975843429565,0.10702686011791229,0.5974510312080383,0.06338062137365341,True,False,0.6214953064918518,-0.6266429424285889,0.7939040064811707
280,0.36762791872024536,0.693534791469574,0.6861690878868103,0.10080908983945847,0.5962786078453064,0.04712183028459549,True,False,0.5905013680458069,-0.6151013374328613,0.8066379427909851
281,0.37132349610328674,0.6915944814682007,0.6863877177238464,0.08470454812049866,0.5845208764076233,0.047185830771923065,True,False,0.5777524709701538,-0.6042312383651733,0.7964573502540588
282,0.3722912073135376,0.6791647672653198,0.6732933521270752,0.08911103755235672,0.5719062685966492,0.0581991970539093,True,False,0.5809752345085144,-0.6068583726882935,0.80717533826828
283,0.3711004853248596,0.6951296925544739,0.6872791051864624,0.10417604446411133,0.5590687394142151,0.04283960908651352,True,False,0.5862358808517456,-0.5829724073410034,0.7979492545127869
284,0.3705916404724121,0.6859697699546814,0.6804642677307129,0.0867350697517395,0.5510450601577759,0.045373234897851944,True,False,0.5872998237609863,-0.5908451676368713,0.8024590611457825
285,0.37159472703933716,0.6868470907211304,0.6800238490104675,0.09657417982816696,0.5345155596733093,0.0638926774263382,True,False,0.5814558267593384,-0.6091083288192749,0.811011016368866
286,0.3723958134651184,0.7007575631141663,0.6902366280555725,0.12097333371639252,0.5243308544158936,0.0677066221833229,True,False,0.5869652032852173,-0.6244217753410339,0.8331637382507324
287,0.37068063020706177,0.6925603151321411,0.6831692457199097,0.1136641725897789,0.5173705816268921,0.06021907553076744,True,False,0.5716317892074585,-0.6056777834892273,0.8164463043212891
288,0.37129318714141846,0.6890192627906799,0.6762966513633728,0.13179683685302734,0.513607382774353,0.06798286736011505,True,False,0.5713227987289429,-0.6197525262832642,0.8374067544937134
289,0.37138333916664124,0.6777700185775757,0.6657657623291016,0.12699668109416962,0.5068250298500061,0.08218178153038025,True,True,0.5756648182868958,-0.5991790294647217,0.8262240290641785
290,0.37392541766166687,0.6841260194778442,0.6731206774711609,0.12221649289131165,0.5080242156982422,0.0800975039601326,True,True,0.5657796859741211,-0.6024916172027588,0.8205925822257996
291,0.37208622694015503,0.6743891835212708,0.6651285886764526,0.1113767996430397,0.5049461722373962,0.08749890327453613,True,True,0.5666080117225647,-0.5986488461494446,0.8167182207107544
292,0.3734920024871826,0.669177234172821,0.6583549976348877,0.11986206471920013,0.5058534741401672,0.09192999452352524,True,True,0.5466164350509644,-0.5769684314727783,0.8095247745513916
293,0.3742723762989044,0.6727951765060425,0.6557124257087708,0.1506471186876297,0.49392199516296387,0.09388788044452667,True,True,0.5571095943450928,-0.5925604701042175,0.8215728998184204
294,0.37596893310546875,0.6690152883529663,0.6492025256156921,0.16160936653614044,0.4744853079319,0.10358841717243195,True,True,0.5401896834373474,-0.5657932162284851,0.8112570643424988
295,0.3735755681991577,0.6580540537834167,0.6385204195976257,0.1591438204050064,0.45628756284713745,0.09375237673521042,True,True,0.5565520524978638,-0.5688777565956116,0.8130574226379395
296,0.373050332069397,0.6483059525489807,0.6276403665542603,0.16238273680210114,0.4399874210357666,0.09765736758708954,True,True,0.553003191947937,-0.5807533860206604,0.8187476396560669
297,0.3747576177120209,0.6283508539199829,0.6114692687988281,0.14467263221740723,0.4324393570423126,0.09267538785934448,True,True,0.5402204990386963,-0.557518482208252,0.8064379096031189
298,0.37526190280914307,0.5982712507247925,0.5856174826622009,0.12239554524421692,0.4374670386314392,0.0976109430193901,True,True,0.5568746328353882,-0.5702178478240967,0.8147212266921997
299,0.3733713924884796,0.5795854330062866,0.5728483200073242,0.08811381459236145,0.4508165121078491,0.10414845496416092,True,True,0.5624041557312012,-0.5708320736885071,0.8148400187492371
300,0.37355709075927734,0.5977284908294678,0.5895174145698547,0.09873481094837189,0.45224153995513916,0.0956721305847168,True,True,0.5488587021827698,-0.5662738680839539,0.8048966526985168
301,0.37413614988327026,0.5999912619590759,0.5894549489021301,0.1119479313492775,0.4461391270160675,0.10315951704978943,True,True,0.553987443447113,-0.5584054589271545,0.8005483150482178
302,0.3741214871406555,0.6013187766075134,0.5884942412376404,0.12352649122476578,0.43987390398979187,0.10911636054515839,True,True,0.5561608672142029,-0.5783634185791016,0.8195476531982422
303,0.37373340129852295,0.5990452766418457,0.5911403298377991,0.0969967395067215,0.4385271668434143,0.10188590735197067,True,True,0.5556360483169556,-0.5660182237625122,0.8030505776405334
304,0.37318670749664307,0.5533312559127808,0.548121988773346,0.0757480338215828,0.44276419281959534,0.09855709224939346,True,True,0.5646018385887146,-0.5771015882492065,0.7928011417388916
305,0.37218180298805237,0.5164575576782227,0.5122327208518982,0.06592485308647156,0.4488765597343445,0.09459665417671204,True,True,0.5520336627960205,-0.5722575783729553,0.8024674654006958
306,0.37389886379241943,0.4904349148273468,0.47983843088150024,0.10139767080545425,0.46100500226020813,0.09597952663898468,True,True,0.5409650206565857,-0.5895069241523743,0.8160694241523743
307,0.37350016832351685,0.44563165307044983,0.43474432826042175,0.09790273755788803,0.48071756958961487,0.10023453086614609,True,True,0.5297098755836487,-0.5894334316253662,0.8019919395446777
308,0.3732650876045227,0.44467729330062866,0.4332919120788574,0.09998001903295517,0.4991651177406311,0.12153543531894684,True,True,0.5164014101028442,-0.5888122320175171,0.8049781918525696
309,0.3728175759315491,0.4517054855823517,0.4456082880496979,0.07396697252988815,0.5078269243240356,0.1248575821518898,True,True,0.5173439383506775,-0.5782475471496582,0.7977383136749268
310,0.37452688813209534,0.44574546813964844,0.4405370056629181,0.06794241815805435,0.504738986492157,0.13449154794216156,True,True,0.5379421710968018,-0.59331876039505,0.8001115322113037
311,0.37301209568977356,0.4310721457004547,0.4265316128730774,0.06240183860063553,0.5067117214202881,0.1375611275434494,True,True,0.529889702796936,-0.5786939859390259,0.7836331725120544
312,0.37289077043533325,0.522088885307312,0.5115178227424622,0.10452880710363388,0.6492936611175537,0.10707046091556549,True,True,0.5396596193313599,-0.5726922750473022,0.7724596261978149
313,0.37340405583381653,0.5245043635368347,0.5161903500556946,0.09301833063364029,0.6567620635032654,0.1091303676366806,True,True,0.5479751229286194,-0.5696300268173218,0.7775099277496338
314,0.3735625445842743,0.5079076886177063,0.5059683918952942,0.04434192553162575,0.6459513902664185,0.1090063825249672,True,True,0.5441617965698242,-0.5629955530166626,0.769432008266449
315,0.37214839458465576,0.5139032602310181,0.5113279223442078,0.05138388276100159,0.6232786178588867,0.12272985279560089,True,True,0.5471768379211426,-0.5796607732772827,0.77540522813797
316,0.3733075261116028,0.5074496865272522,0.5047423839569092,0.05234793201088905,0.6048393249511719,0.12051508575677872,True,True,0.553040623664856,-0.5625130534172058,0.7668832540512085
317,0.374403178691864,0.5013036727905273,0.49589797854423523,0.0734204351902008,0.592498779296875,0.12178763747215271,True,True,0.5509729981422424,-0.5591087937355042,0.7683000564575195
318,0.37441620230674744,0.5000194907188416,0.4905719459056854,0.09674038738012314,0.582987904548645,0.12550367414951324,True,True,0.5528882741928101,-0.556443989276886,0.7692409157752991
319,0.3726191818714142,0.4852704703807831,0.4817235469818115,0.058564603328704834,0.5786952376365662,0.11634425818920135,True,True,0.5561038851737976,-0.5584911704063416,0.7707100510597229
320,0.37184587121009827,0.5460310578346252,0.5262836217880249,0.14551807940006256,0.5817014575004578,0.11286740005016327,True,True,0.5604066848754883,-0.5751281380653381,0.7748813629150391
321,0.3723740577697754,0.5545033812522888,0.5402787327766418,0.1247914582490921,0.5870139598846436,0.11691386252641678,True,True,0.5499763488769531,-0.5606938600540161,0.7612709403038025
322,0.3729211091995239,0.5576680898666382,0.5474174618721008,0.10643173009157181,0.5866298079490662,0.12838517129421234,True,True,0.5560299158096313,-0.5645040273666382,0.7645014524459839
323,0.37269946932792664,0.5799477100372314,0.5645655989646912,0.13268418610095978,0.5851247906684875,0.10238341987133026,True,True,0.5591025352478027,-0.5633463263511658,0.7748263478279114
324,0.3718487322330475,0.5782962441444397,0.5657692551612854,0.1197151318192482,0.5883155465126038,0.10506998002529144,True,True,0.5541143417358398,-0.5562961101531982,0.7608592510223389
325,0.3722386360168457,0.5766897797584534,0.5650321841239929,0.11536767333745956,0.5890253782272339,0.11338742077350616,True,True,0.5506014227867126,-0.5565985441207886,0.7619181871414185
326,0.37216681241989136,0.5765244960784912,0.5608780980110168,0.13340255618095398,0.5830552577972412,0.10354044288396835,True,True,0.554223895072937,-0.5536898374557495,0.7603407502174377
327,0.37189075350761414,0.5716809034347534,0.5566030740737915,0.13043031096458435,0.581615686416626,0.10468512773513794,True,True,0.5546192526817322,-0.5540903806686401,0.7543742060661316
328,0.3720961809158325,0.5744760036468506,0.55958491563797,0.12995120882987976,0.5836414694786072,0.11556486785411835,True,True,0.5556323528289795,-0.5446060299873352,0.7518750429153442
329,0.37184688448905945,0.549845814704895,0.5386849641799927,0.11022215336561203,0.5771123170852661,0.10931770503520966,True,True,0.5572166442871094,-0.5462672114372253,0.7485990524291992
330,0.3717713952064514,0.6840682029724121,0.6284667253494263,0.27014607191085815,0.5575485825538635,0.10850726068019867,True,True,0.5682125687599182,-0.5505139231681824,0.7562741637229919
331,0.37049177289009094,0.6565105319023132,0.6107299327850342,0.2408628910779953,0.5452703833580017,0.10974173992872238,True,True,0.57746821641922,-0.5515587329864502,0.7561766505241394
332,0.37076568603515625,0.6294675469398499,0.5911384224891663,0.2162979692220688,0.5375784039497375,0.07591243833303452,True,True,0.5757102966308594,-0.5396668910980225,0.740608274936676
333,0.36993464827537537,0.6484702825546265,0.6024370193481445,0.23996523022651672,0.5340250134468079,0.0809246152639389,True,True,0.5630716681480408,-0.5400834679603577,0.7426960468292236
334,0.36884933710098267,0.7560611367225647,0.6828740239143372,0.32451727986335754,0.5320711135864258,0.07983118295669556,True,True,0.5644612312316895,-0.5387665033340454,0.7425897121429443
335,0.369615375995636,0.6893343329429626,0.6310836672782898,0.2773359417915344,0.514427661895752,0.08402545005083084,True,True,0.5737952589988708,-0.550542414188385,0.740680992603302
336,0.36980271339416504,0.6260616779327393,0.5829495787620544,0.22830474376678467,0.510029673576355,0.08853910863399506,True,True,0.5583572387695312,-0.5435438752174377,0.7499609589576721
337,0.37055572867393494,0.6616197824478149,0.6091755032539368,0.25815877318382263,0.5004781484603882,0.09309298545122147,True,True,0.558033287525177,-0.5403621792793274,0.7442072629928589
338,0.3698495030403137,0.6404854655265808,0.5942412614822388,0.23895391821861267,0.4917103350162506,0.09323810040950775,True,True,0.573022723197937,-0.5349394679069519,0.7482917904853821
339,0.3696802854537964,0.6411735415458679,0.5913813710212708,0.24773287773132324,0.48631155490875244,0.0892600417137146,True,True,0.5824529528617859,-0.5280022621154785,0.7438495755195618
340,0.36979421973228455,0.6764582395553589,0.6155555844306946,0.28051233291625977,0.47968924045562744,0.0877174660563469,True,True,0.5879927277565002,-0.5402836799621582,0.7486937046051025
341,0.36948856711387634,0.677675724029541,0.6188351511955261,0.2762017846107483,0.473445326089859,0.08514155447483063,True,True,0.5982502102851868,-0.5467867255210876,0.7493950724601746
342,0.36901596188545227,0.6427140235900879,0.5951266884803772,0.2427045851945877,0.46103498339653015,0.09192419052124023,True,True,0.5946823358535767,-0.5482614040374756,0.752711832523346
343,0.370663583278656,0.6603356599807739,0.6078891158103943,0.25790315866470337,0.46428394317626953,0.09369121491909027,True,True,0.6007953882217407,-0.5374063849449158,0.7460715770721436
344,0.36964523792266846,0.6373671293258667,0.5882733464241028,0.24529847502708435,0.4740455746650696,0.09859206527471542,True,True,0.5926933884620667,-0.5443090796470642,0.7511315941810608
345,0.3696960508823395,0.7015085816383362,0.6350985169410706,0.2979331612586975,0.482732355594635,0.09573908150196075,True,True,0.5897201895713806,-0.547672688961029,0.7490138411521912
346,0.3703956604003906,0.6785778999328613,0.6264888644218445,0.2607291340827942,0.4868997633457184,0.10011793673038483,True,True,0.598124086856842,-0.540200412273407,0.7465695738792419
347,0.3708581328392029,0.6829144358634949,0.6313300728797913,0.2603735625743866,0.4857816696166992,0.10288877040147781,True,True,0.6054677963256836,-0.5535506010055542,0.7511053681373596
348,0.3720601201057434,0.6663298606872559,0.6146307587623596,0.257341206073761,0.47173914313316345,0.10684232413768768,True,True,0.6100306510925293,-0.5505797266960144,0.7537115216255188
349,0.37182146310806274,0.6376416087150574,0.5888263583183289,0.244684100151062,0.4585801362991333,0.11292995512485504,True,True,0.6148324012756348,-0.5555192828178406,0.7553145885467529
350,0.3721669018268585,0.6039846539497375,0.5588750839233398,0.22903302311897278,0.44035083055496216,0.10689209401607513,True,True,0.6089114546775818,-0.5523360371589661,0.753410279750824
351,0.3715352416038513,0.5464650392532349,0.5116883516311646,0.1918308138847351,0.43566393852233887,0.10395274311304092,True,True,0.6233881711959839,-0.5562819242477417,0.7593655586242676
352,0.37225770950317383,0.5449321269989014,0.5061502456665039,0.20189829170703888,0.43531545996665955,0.10611535608768463,True,True,0.6194919347763062,-0.5736931562423706,0.7639246582984924
353,0.37204641103744507,0.5268545746803284,0.4959171414375305,0.17788177728652954,0.4298850893974304,0.10731418430805206,True,True,0.6199610233306885,-0.5745561122894287,0.7640373706817627
354,0.37209686636924744,0.5136202573776245,0.4881642758846283,0.15969163179397583,0.4227147102355957,0.10452257841825485,True,True,0.6134671568870544,-0.5696262717247009,0.7661696076393127
355,0.37176644802093506,0.47589656710624695,0.4628331959247589,0.11073821038007736,0.4249638617038727,0.10137644410133362,True,True,0.6023173332214355,-0.574533224105835,0.7841005921363831
356,0.37241441011428833,0.4659029543399811,0.45254915952682495,0.11074662953615189,0.43476617336273193,0.09648220986127853,True,True,0.5759158134460449,-0.5860769748687744,0.7711400389671326
357,0.37224042415618896,0.48799312114715576,0.4757596254348755,0.10858209431171417,0.4245414435863495,0.09404268860816956,True,True,0.5889066457748413,-0.586546778678894,0.7714047431945801
358,0.3720279633998871,0.4966926574707031,0.49378523230552673,0.0536632165312767,0.41535791754722595,0.08412299305200577,True,True,0.576391875743866,-0.5901703834533691,0.7762120366096497
359,0.3720603287220001,0.509332001209259,0.5083911418914795,0.030944209545850754,0.4128449559211731,0.08247020095586777,True,True,0.5550984144210815,-0.5900360345840454,0.7691776752471924
360,0.37143269181251526,0.5254870057106018,0.5238467454910278,0.04148689657449722,0.4123564660549164,0.0870392769575119,True,True,0.5526165962219238,-0.5924633741378784,0.7717190980911255
361,0.37195420265197754,0.5258427858352661,0.5256825685501099,0.0129785668104887,0.4066283702850342,0.07340142130851746,True,True,0.565893292427063,-0.5957875847816467,0.770771861076355
362,0.3719989061355591,0.529705822467804,0.5294917225837708,0.015059320256114006,0.4110127091407776,0.07805970311164856,True,True,0.5301404595375061,-0.5694447755813599,0.7666879296302795
363,0.37228283286094666,0.5408831834793091,0.5404152870178223,0.022493237629532814,0.4206092953681946,0.06938841193914413,True,True,0.5347813963890076,-0.5773581862449646,0.75764399766922
364,0.3745824098587036,0.5461305975914001,0.5261988639831543,0.14619627594947815,0.44822201132774353,0.0862216055393219,True,True,0.5325462222099304,-0.5845248103141785,0.7760009169578552
365,0.3727805018424988,0.536461591720581,0.5229601860046387,0.11959793418645859,0.4575866460800171,0.05814091116189957,True,True,0.5281619429588318,-0.5669906735420227,0.7781737446784973
366,0.37195971608161926,0.5283845067024231,0.5191618204116821,0.09829118102788925,0.4601292908191681,0.0668281763792038,True,True,0.536645770072937,-0.5749297738075256,0.7931568026542664
367,0.3716260492801666,0.49549758434295654,0.48746728897094727,0.08884546160697937,0.43497800827026367,0.07004693150520325,True,True,0.5407548546791077,-0.578862726688385,0.7975718379020691
368,0.37218546867370605,0.480214387178421,0.47107651829719543,0.09323500841856003,0.41587719321250916,0.06584657728672028,True,True,0.5419459342956543,-0.5697817206382751,0.7936486601829529
369,0.3723353445529938,0.4321173429489136,0.42972075939178467,0.04544755816459656,0.39107292890548706,0.06111140921711922,True,True,0.5176448822021484,-0.5580952763557434,0.7711751461029053
370,0.37274640798568726,0.4324668049812317,0.4302373230457306,0.043856531381607056,0.3890843987464905,0.049637291580438614,True,True,0.5459917187690735,-0.5765397548675537,0.7950019240379333
371,0.36981260776519775,0.4297967851161957,0.42819902300834656,0.0370253287255764,0.4031815826892853,0.05796489492058754,True,True,0.5053793787956238,-0.5798646211624146,0.7684287428855896
372,0.22082467377185822,0.959760308265686,0.9589085578918457,0.04042540863156319,0.511377215385437,0.5598458051681519,True,True,0.017513275146484375,-0.2748028635978699,0.09294620156288147
373,0.21750780940055847,0.9584871530532837,0.9576054811477661,0.04110240191221237,0.5121490955352783,0.5674587488174438,True,True,-0.015920298174023628,-0.2911873459815979,0.08112969994544983
374,0.2153579592704773,0.9153989553451538,0.9143950939178467,0.042858999222517014,0.5143309831619263,0.5792193412780762,True,True,-0.018153784796595573,-0.2824680507183075,0.07877139002084732
375,0.21324598789215088,0.8574275970458984,0.8563205599784851,0.04355563968420029,0.5155180096626282,0.5864701271057129,True,True,-0.013571493327617645,-0.27700141072273254,0.05482492968440056
376,0.21309936046600342,0.7867684364318848,0.7857488989830017,0.04004032164812088,0.5143729448318481,0.5773476362228394,True,True,-0.01851065456867218,-0.2759441137313843,0.06468015909194946
377,0.21138620376586914,0.7136080265045166,0.7124959230422974,0.03982507809996605,0.510432779788971,0.5809491872787476,True,True,-0.009024734608829021,-0.2583674192428589,0.06285770982503891
378,0.21204721927642822,0.7035545706748962,0.7020460963249207,0.04604610055685043,0.509168803691864,0.5851921439170837,True,True,-0.0026023683603852987,-0.25406238436698914,0.057444438338279724
379,0.2112715244293213,0.6986151933670044,0.6971826553344727,0.04471486434340477,0.5083526372909546,0.5954165458679199,True,True,0.005028408952057362,-0.2531408369541168,0.06536974757909775
380,0.2105935513973236,0.6877526044845581,0.6863992810249329,0.04312435910105705,0.5045238733291626,0.5898125171661377,True,True,0.004733521956950426,-0.24670973420143127,0.06263300031423569
381,0.2087269425392151,0.6967151165008545,0.695104718208313,0.04734329506754875,0.5027238130569458,0.5940771698951721,True,True,0.004192600026726723,-0.24556374549865723,0.06154366955161095
382,0.20833979547023773,0.6975878477096558,0.6961365938186646,0.044974278658628464,0.5044917464256287,0.5973502993583679,True,True,0.002502299612388015,-0.23928876221179962,0.058301620185375214
383,0.207589790225029,0.6984642744064331,0.6969154477119446,0.04648912698030472,0.5057349801063538,0.5945062041282654,True,True,0.003946489188820124,-0.24096763134002686,0.058865658938884735
384,0.20793645083904266,0.6996738910675049,0.6981441378593445,0.04624272510409355,0.5057349801063538,0.6008949279785156,True,True,0.006538311950862408,-0.2435329258441925,0.06146617233753204
385,0.2070462852716446,0.7235074639320374,0.7220051884651184,0.046600110828876495,0.5057349801063538,0.6085993051528931,True,True,0.009855017066001892,-0.2453847974538803,0.06391043215990067
386,0.2066386193037033,0.7043836116790771,0.7026594281196594,0.04925408214330673,0.5057349801063538,0.6101782321929932,True,True,0.007964424788951874,-0.24355550110340118,0.06194296479225159
387,0.20684880018234253,0.6797489523887634,0.6778080463409424,0.05133170634508133,0.5057349801063538,0.6066370010375977,True,True,0.010096254758536816,-0.24167810380458832,0.06424713134765625
388,0.20713922381401062,0.6790034174919128,0.6773605346679688,0.047205425798892975,0.5057349801063538,0.6081046462059021,True,True,0.009671817533671856,-0.23830413818359375,0.06171969324350357
389,0.2070193588733673,0.68412184715271,0.6824643611907959,0.04759295657277107,0.5057349801063538,0.6061003804206848,True,True,0.008076947182416916,-0.2369239777326584,0.06627242267131805
390,0.20699043571949005,0.7137453556060791,0.712152361869812,0.04765884205698967,0.5057349801063538,0.6126342415809631,True,True,0.010733550414443016,-0.2375534027814865,0.06519968807697296
391,0.20684178173542023,0.7224029898643494,0.7208677530288696,0.047071754932403564,0.5057349801063538,0.6152167320251465,True,True,0.010500910691916943,-0.2367444783449173,0.06562930345535278
392,0.20722627639770508,0.7262855172157288,0.7247200608253479,0.047659412026405334,0.5057349801063538,0.608735978603363,True,True,0.010637611150741577,-0.23962056636810303,0.07146573066711426
393,0.20606061816215515,0.7485347390174866,0.7469399571418762,0.048836372792720795,0.5057349801063538,0.6093823909759521,True,True,0.007585456594824791,-0.23315054178237915,0.06985081732273102
394,0.20560944080352783,0.7468186020851135,0.7452827095985413,0.04787273705005646,0.5057349801063538,0.6139672994613647,True,True,0.011013167910277843,-0.23781882226467133,0.07187644392251968
395,0.20506806671619415,0.7459189891815186,0.7444570660591125,0.04667733237147331,0.5057349801063538,0.6127207279205322,True,True,0.010468190535902977,-0.23382972180843353,0.07289345562458038
396,0.20609302818775177,0.7748934030532837,0.7740227580070496,0.036722734570503235,0.5057349801063538,0.6156762838363647,True,True,0.008649631403386593,-0.23421268165111542,0.07180176675319672
397,0.20482444763183594,0.7965708374977112,0.793954074382782,0.06451374292373657,0.5057349801063538,0.6218199133872986,True,True,0.007047702558338642,-0.23403090238571167,0.06698552519083023
398,0.20426535606384277,0.8035963773727417,0.8000665903091431,0.075236476957798,0.5057349801063538,0.6203031539916992,True,True,0.007209829054772854,-0.22774407267570496,0.06664025038480759
399,0.2046489119529724,0.8024505376815796,0.7988579869270325,0.07584690302610397,0.5057349801063538,0.6175283789634705,True,True,0.008888027630746365,-0.22836782038211823,0.06552817672491074
400,0.20521442592144012,0.7972865700721741,0.792895495891571,0.08356193453073502,0.5057349801063538,0.6174874901771545,True,True,0.009124417789280415,-0.22737447917461395,0.06546793133020401
401,0.2044166922569275,0.8136119842529297,0.808987557888031,0.08662331849336624,0.5057349801063538,0.621282160282135,True,True,0.010908648371696472,-0.2237136960029602,0.0647786408662796
402,0.20441129803657532,0.8087233901023865,0.8041327595710754,0.08604583889245987,0.5057349801063538,0.6242815256118774,True,True,0.008778559975326061,-0.2270752340555191,0.0651562362909317
403,0.2046150416135788,0.7898868918418884,0.7854570150375366,0.08353831619024277,0.5057349801063538,0.6153966188430786,True,True,0.009219370782375336,-0.22427114844322205,0.06357941776514053
