id_idx,filename,sha256,gender,age_bin,race
0,id_00.png,1c80fbe545c06edd2e0f4737abc432d162ad5764d782b794e8839ae62a6d557c,F,20-29,Black
1,id_01.png,0117e93a77bda398967686bc4a930ecddc4532ef79e0a720226b14c7bafe8b97,F,20-29,White
2,id_02.png,5cff179824a3b044d35edf04b4a5eefe938282dd7bfcc628f3c691042f0bdad4,M,20-29,East Asian
3,id_03.png,1ce690f2bfbd99e5426790d7752586529c1f9025ec54adc662ac129b8091cc84,F,20-29,White
4,id_04.png,54fa9e992565d964cb4e16c33f6847bc159b07cff6ae043aa0b789849640b408,F,40-49,White
5,id_05.png,06afd35be3ec5c5753a3c404f6503c46a1d311ec6561258d9e3a592f6aca5b18,M,40-49,Southeast Asian
6,id_06.png,f7f407cd6755b6b7987ab5f0dc939ad35feadb6ac5f1cd54e788946b072b1167,F,40-49,White
7,id_07.png,344d3640a7de61b05e40793db50972c78badc3904ec1ac3e044c5fc20683886f,M,30-39,Southeast Asian
8,id_08.png,eb3a4964cbbfe911b7a24472661da0c9295b03440e5747d0410ce026de4b007c,M,30-39,White
9,id_09.png,75a63059c8e6fa9d77c500a2b9f76b2d1c9ec1f63ab1fbd33d59c8f2bf8557a4,F,40-49,White
10,id_10.png,b83e603e0ceae8edd24467d6fdcf76b0e6a9f4f5da816f48f818b62350b0d360,F,30-39,Latino_Hispanic
11,id_11.png,e2226f8dcffbf0855736e04406265bf2d4004c8ba6bb307f15778014529ce4a4,F,30-39,East Asian
12,id_12.png,27d8d5768036da326df4217afd3ed2b5be9f172422ddabd7e8e64eeab054decf,F,30-39,Southeast Asian
13,id_13.png,a839c126a55fef97d9500f746d5083d4328e13cf98d2f3b42203ba47c4d3b20d,M,40-49,White
14,id_14.png,5f3d4d37c4a09c21405ed936cea051e157d6a1a79c8963e35f8a164ae95307b5,M,30-39,White
15,id_15.png,a69cb4539e48d2b53ec35284b78a6206f15fc83029db93d1932701c8b87b4b88,M,20-29,White
16,id_16.png,a1699c1e1cb526a236be5f24ca9a7290e862cb28881e693a83984cf52b38e215,M,40-49,Middle Eastern
17,id_17.png,576608e1b891aa14aab444381be3163d2acc53c6f600e99568a195986b08dbdd,M,20-29,Latino_Hispanic
18,id_18.png,4b313154b5a47f848c1678eae131323f9568f2dc18b0c0009c70cb95c1f07a83,M,10-19,Black
19,id_19.png,445d0526090ba14a1dad42032fc376808c4f1b5ded3b4b0e331af544376f1231,F,3-9,Southeast Asian
